product_id,product_name,category,brand,cutoff_month,target_start_month,target_end_month,future_3m_revenue,future_3m_quantity,future_revenue_rank,high_future_performance,hist_total_quantity,hist_total_revenue,hist_mean_monthly_quantity,hist_demand_cv,hist_sales_frequency,price,mrp,margin_percentage,discount_rate,shelf_life_days,best_model,classification_threshold,predicted_high_performance,probability_high_performance
557908,Vitamins,Pharmacy,Sundaram Inc,2024-07,2024-08,2024-10,10366.070000000002,11,6.0,1,44,41464.28,2.75,1.0989601897350918,0.625,942.37,1177.96,20.0,0.19999830214947878,365,Random Forest Balanced,0.5399999999999998,1,0.8989156805554368
897083,Detergent,Household Care,Dutta-Halder,2024-07,2024-08,2024-10,1945.38,2,143.0,0,33,32098.77,2.0625,1.15374584574941,0.625,972.69,1296.92,25.0,0.25,365,Random Forest Balanced,0.5399999999999998,1,0.8480212320174597
367391,Baby Wipes,Baby Care,Talwar and Sons,2024-07,2024-08,2024-10,4697.75,5,53.0,1,29,27246.95,1.8125,1.1256389386539678,0.5625,939.55,1342.21,30.0,0.2999977648803094,365,Random Forest Balanced,0.5399999999999998,1,0.8452141350682402
349294,Onions,Fruits & Vegetables,Ganesan Ltd,2024-07,2024-08,2024-10,9347.5,10,8.0,1,34,31781.5,2.125,1.098599296934471,0.625,934.75,1246.33,25.0,0.249997994110709,3,Random Forest Balanced,0.5399999999999998,1,0.7895974743875793
366066,Soap,Personal Care,Mandal LLC,2024-07,2024-08,2024-10,6430.06,7,26.0,1,27,24801.660000000003,1.6875,1.1392326089772493,0.5625,918.58,1413.2,35.0,0.35,365,Random Forest Balanced,0.5399999999999998,1,0.7828351323916476
123983,Cough Syrup,Pharmacy,Kurian-Chhabra,2024-07,2024-08,2024-10,3928.35,5,66.0,1,49,38497.83,3.0625,1.3086709830107264,0.6875,785.67,982.09,20.0,0.20000203647323572,365,Random Forest Balanced,0.5399999999999998,1,0.7708303729903903
171602,Cola,Cold Drinks & Juices,Pal-Sehgal,2024-07,2024-08,2024-10,2650.32,3,107.0,0,30,26503.2,1.875,1.0821104208734722,0.5625,883.44,1262.06,30.0,0.300001584710711,180,Random Forest Balanced,0.5399999999999998,1,0.768828367686344
455083,Butter,Dairy & Breakfast,Dutta Inc,2024-07,2024-08,2024-10,3836.04,4,73.0,0,26,24934.26,1.625,0.8666514943293376,0.625,959.01,1198.76,20.0,0.19999833160932964,7,Random Forest Balanced,0.5399999999999998,1,0.7584767843539654
799952,Cheese,Dairy & Breakfast,Padmanabhan-Virk,2024-07,2024-08,2024-10,6458.48,7,25.0,1,25,23066.0,1.5625,1.235907224134023,0.5625,922.64,1153.3,20.0,0.19999999999999998,7,Random Forest Balanced,0.5399999999999998,1,0.7576692635977987
444361,Pain Reliever,Pharmacy,"Prakash, Bawa and Kale",2024-07,2024-08,2024-10,4935.78,6,49.0,1,41,33727.83,2.5625,0.8426467466025047,0.6875,822.63,1028.29,20.0,0.20000194497661164,365,Random Forest Balanced,0.5399999999999998,1,0.7563433545721652
602241,Nuts,Snacks & Munchies,Bahl-Pau,2024-07,2024-08,2024-10,5859.299999999999,6,32.0,1,32,31249.6,2.0,0.9309493362512629,0.75,976.55,1502.38,35.0,0.34999800316830637,90,Random Forest Balanced,0.5399999999999998,1,0.7498533050910949
18035,Dish Soap,Household Care,Ramesh Inc,2024-07,2024-08,2024-10,7751.52,8,15.0,1,40,38757.600000000006,2.5,1.083205120618128,0.625,968.94,1291.92,25.0,0.25,365,Random Forest Balanced,0.5399999999999998,1,0.7447510154479026
478531,Carrots,Fruits & Vegetables,Uppal Group,2024-07,2024-08,2024-10,4952.76,6,48.0,1,43,35494.78,2.6875,1.1263115064309068,0.625,825.46,1100.61,25.0,0.24999772853235921,3,Random Forest Balanced,0.5399999999999998,1,0.7437352518452568
222892,Tomatoes,Fruits & Vegetables,Ramakrishnan-Ghose,2024-07,2024-08,2024-10,3476.88,4,81.0,0,35,30422.7,2.1875,1.620279643286609,0.5625,869.22,1158.96,25.0,0.25,3,Random Forest Balanced,0.5399999999999998,1,0.7435841058582493
853932,Baby Wipes,Baby Care,Ranganathan-Peri,2024-07,2024-08,2024-10,5647.14,6,37.0,1,35,32941.65,2.1875,0.9326722634561447,0.6875,941.19,1344.56,30.0,0.3000014874754566,365,Random Forest Balanced,0.5399999999999998,1,0.7408055860500627
336847,Toilet Cleaner,Household Care,"Dayal, Mammen and More",2024-07,2024-08,2024-10,2810.94,3,101.0,0,33,30920.34,2.0625,1.29456966647808,0.5625,936.98,1249.31,25.0,0.2500020011046097,365,Random Forest Balanced,0.5399999999999998,1,0.7350979070337945
82484,Baby Food,Baby Care,Mallick PLC,2024-07,2024-08,2024-10,2744.64,3,103.0,0,34,31105.92,2.125,0.9852429018002953,0.6875,914.88,1306.97,30.0,0.2999992348714967,365,Random Forest Balanced,0.5399999999999998,1,0.7325386414016389
153019,Onions,Fruits & Vegetables,Aurora LLC,2024-07,2024-08,2024-10,6635.65,7,22.0,1,32,30334.400000000005,2.0,1.591644851508443,0.5,947.95,1263.93,25.0,0.24999802204235994,3,Random Forest Balanced,0.5399999999999998,1,0.7317248985531275
871592,Carrots,Fruits & Vegetables,"Shankar, Nadkarni and Kumer",2024-07,2024-08,2024-10,5221.74,6,44.0,1,28,24368.12,1.75,1.2946777499402995,0.5,870.29,1160.39,25.0,0.2500021544480736,3,Random Forest Balanced,0.5399999999999998,1,0.7307437495114882
186168,Dog Food,Pet Care,"Parekh, Lad and Kadakia",2024-07,2024-08,2024-10,3515.2,4,80.0,0,33,29000.399999999998,2.0625,1.098068538318726,0.6875,878.8,1352.0,35.0,0.35000000000000003,365,Random Forest Balanced,0.5399999999999998,1,0.7230138495097977
41853,Curd,Dairy & Breakfast,Handa PLC,2024-07,2024-08,2024-10,3641.76,4,76.0,0,28,25492.32,1.75,1.1332933166204584,0.5,910.44,1138.05,20.0,0.19999999999999993,7,Random Forest Balanced,0.5399999999999998,1,0.7196757678030768
679284,Cough Syrup,Pharmacy,Pant LLC,2024-07,2024-08,2024-10,6145.23,7,29.0,1,34,29848.260000000002,2.125,0.8218470210151991,0.6875,877.89,1097.36,20.0,0.19999817744404746,365,Random Forest Balanced,0.5399999999999998,1,0.7164907036140431
264803,Vitamins,Pharmacy,Gole-Doshi,2024-07,2024-08,2024-10,9959.8,10,7.0,1,42,41831.16,2.625,1.0018878627339365,0.8125,995.98,1244.97,20.0,0.1999967870711744,365,Random Forest Balanced,0.5399999999999998,1,0.7155712828790364
587645,Vitamins,Pharmacy,"Sura, Pillay and Mammen",2024-07,2024-08,2024-10,2405.43,3,121.0,0,27,21648.87,1.6875,1.1392326089772493,0.5625,801.81,1002.26,20.0,0.19999800450980787,365,Random Forest Balanced,0.5399999999999998,1,0.7151758412171344
942001,Cat Food,Pet Care,Acharya Ltd,2024-07,2024-08,2024-10,4029.2999999999997,6,63.0,1,40,26862.0,2.5,1.0733126291998991,0.625,671.55,1033.15,35.0,0.3499975802158449,365,Random Forest Balanced,0.5399999999999998,1,0.7122877415352694
714999,Bread,Dairy & Breakfast,Kala Group,2024-07,2024-08,2024-10,0.0,0,253.0,0,24,21180.239999999998,1.5,1.0886621079036347,0.5625,882.51,1103.14,20.0,0.20000181300650877,7,Random Forest Balanced,0.5399999999999998,1,0.7098287877492969
378676,Orange Juice,Cold Drinks & Juices,Baral-Kamdar,2024-07,2024-08,2024-10,2644.2599999999998,3,108.0,0,24,21154.079999999998,1.5,1.2171612389003692,0.5625,881.42,1259.17,30.0,0.2999992058260601,180,Random Forest Balanced,0.5399999999999998,1,0.7062004453290336
137909,Cough Syrup,Pharmacy,Dalal PLC,2024-07,2024-08,2024-10,2592.8999999999996,3,111.0,0,26,22471.8,1.625,1.1863789736140515,0.5,864.3,1080.37,20.0,0.19999629756472315,365,Random Forest Balanced,0.5399999999999998,1,0.7053823529461741
684939,Lotion,Personal Care,"Sibal, Bhatnagar and Rajan",2024-07,2024-08,2024-10,0.0,0,264.0,0,34,24750.300000000003,2.125,1.1119566179417901,0.625,727.95,1119.92,35.0,0.34999821415815413,365,Random Forest Balanced,0.5399999999999998,1,0.7050600224863285
63769,Lotion,Personal Care,Dalal-Shan,2024-07,2024-08,2024-10,4390.35,5,55.0,1,33,28976.31,2.0625,0.9446253810368048,0.625,878.07,1350.88,35.0,0.3500014805164041,365,Random Forest Balanced,0.5399999999999998,1,0.7036349903725606
739534,Toilet Cleaner,Household Care,"Gera, Narang and Karpe",2024-07,2024-08,2024-10,5967.36,6,31.0,1,42,41771.52,2.625,0.8447069648031791,0.75,994.56,1326.08,25.0,0.25,365,Random Forest Balanced,0.5399999999999998,1,0.702781525160311
491314,Ice Cream,Instant & Frozen Food,Banerjee Inc,2024-07,2024-08,2024-10,4867.200000000001,5,51.0,1,21,20442.24,1.3125,1.7969487870584007,0.375,973.44,1622.4,40.0,0.4,180,Random Forest Balanced,0.5399999999999998,1,0.6953017971966213
365133,Dish Soap,Household Care,Hans Inc,2024-07,2024-08,2024-10,915.45,1,191.0,0,28,25632.600000000002,1.75,1.0327955589886444,0.625,915.45,1220.6,25.0,0.24999999999999992,365,Random Forest Balanced,0.5399999999999998,1,0.6933010439881965
741341,Eggs,Dairy & Breakfast,Prasad LLC,2024-07,2024-08,2024-10,2771.52,3,102.0,0,16,14781.44,1.0,1.4142135623730951,0.375,923.84,1154.8,20.0,0.19999999999999993,7,Random Forest Balanced,0.5399999999999998,1,0.6929368642350333
327290,Sugar,Grocery & Staples,Nadkarni Inc,2024-07,2024-08,2024-10,5173.68,6,45.0,1,24,20694.72,1.5,0.9108400680852976,0.625,862.28,1014.45,15.0,0.15000246438957077,365,Random Forest Balanced,0.5399999999999998,1,0.6909511052602
39154,Mangoes,Fruits & Vegetables,"Suresh, Bose and Bajwa",2024-07,2024-08,2024-10,3787.44,4,75.0,0,36,34086.96,2.25,0.8814503573714675,0.6875,946.86,1262.48,25.0,0.25,3,Random Forest Balanced,0.5399999999999998,1,0.6902930074295749
470449,Frozen Biryani,Instant & Frozen Food,Kohli-Sawhney,2024-07,2024-08,2024-10,4138.85,5,61.0,1,17,14072.09,1.0625,1.4769275130800201,0.4375,827.77,1379.62,40.0,0.40000144967454804,180,Random Forest Balanced,0.5399999999999998,1,0.6893256278652402
552883,Potatoes,Fruits & Vegetables,"Balan, Patel and Mall",2024-07,2024-08,2024-10,5328.96,6,40.0,1,23,20427.68,1.4375,1.1905953671555989,0.5,888.16,1184.21,25.0,0.24999788888795066,3,Random Forest Balanced,0.5399999999999998,1,0.6864119995581773
726958,Cat Food,Pet Care,Doctor-Patla,2024-07,2024-08,2024-10,1774.96,2,150.0,0,41,36386.68,2.5625,0.8895364156129678,0.6875,887.48,1365.35,35.0,0.3499981689676639,365,Random Forest Balanced,0.5399999999999998,1,0.6848150130259782
803607,Soap,Personal Care,"Kadakia, Mohan and Sathe",2024-07,2024-08,2024-10,949.73,1,188.0,0,35,33240.549999999996,2.1875,0.9176129932832123,0.6875,949.73,1461.12,35.0,0.34999863118703456,365,Random Forest Balanced,0.5399999999999998,1,0.678017599261786
673058,Cough Syrup,Pharmacy,Balan-Madan,2024-07,2024-08,2024-10,6891.84,9,20.0,1,47,35990.72,2.9375,1.0134451504070943,0.75,765.76,957.2,20.0,0.20000000000000004,365,Random Forest Balanced,0.5399999999999998,1,0.6761270642192612
51036,Baby Food,Baby Care,Karnik PLC,2024-07,2024-08,2024-10,5589.66,6,38.0,1,60,55896.6,3.75,0.9160300819902755,0.8125,931.61,1330.87,30.0,0.29999924861181027,365,Random Forest Balanced,0.5399999999999998,1,0.6748307403363721
305754,Frozen Vegetables,Instant & Frozen Food,Mammen-Hegde,2024-07,2024-08,2024-10,8819.91,9,9.0,1,34,33319.66,2.125,1.0147698189575447,0.6875,979.99,1633.32,40.0,0.4000012244997918,180,Random Forest Balanced,0.5399999999999998,1,0.6738875498934518
516376,Onions,Fruits & Vegetables,Agarwal-Dhar,2024-07,2024-08,2024-10,877.43,1,196.0,0,41,35974.63,2.5625,0.8181948374249837,0.6875,877.43,1169.91,25.0,0.250002136916515,3,Random Forest Balanced,0.5399999999999998,1,0.6732102518341168
525531,Dog Food,Pet Care,Sandal PLC,2024-07,2024-08,2024-10,2493.3,3,117.0,0,19,15790.900000000001,1.1875,1.4164317332763756,0.5,831.1,1278.62,35.0,0.3500023462795826,365,Random Forest Balanced,0.5399999999999998,1,0.6683772860124503
256783,Pet Treats,Pet Care,"Basu, Thakur and Rege",2024-07,2024-08,2024-10,10878.48,12,3.0,1,33,29915.82,2.0625,1.4756051193729163,0.5625,906.54,1394.68,35.0,0.3500014340207073,365,Random Forest Balanced,0.5399999999999998,1,0.6678663101148572
146840,Bread,Dairy & Breakfast,"Bains, Deol and Vaidya",2024-07,2024-08,2024-10,1573.7,2,158.0,0,37,29113.45,2.3125,0.9697644795766399,0.6875,786.85,983.56,20.0,0.1999979665704176,7,Random Forest Balanced,0.5399999999999998,1,0.6546015821308145
690565,Cookies,Snacks & Munchies,"Roy, Seth and Patla",2024-07,2024-08,2024-10,2853.81,3,99.0,0,26,24733.02,1.625,0.837013569768335,0.6875,951.27,1463.49,35.0,0.3499989750527848,90,Random Forest Balanced,0.5399999999999998,1,0.6502040142304594
707935,Cat Food,Pet Care,"Anne, Mammen and Khatri",2024-07,2024-08,2024-10,6567.2,8,23.0,1,39,32015.1,2.4375,0.885859400274428,0.6875,820.9,1262.92,35.0,0.3499984163684161,365,Random Forest Balanced,0.5399999999999998,1,0.6490263852332165
112390,Toothpaste,Personal Care,"Kibe, Contractor and Randhawa",2024-07,2024-08,2024-10,10535.76,12,5.0,1,35,30729.300000000003,2.1875,0.9176129932832123,0.6875,877.98,1350.74,35.0,0.3500007403349275,365,Random Forest Balanced,0.5399999999999998,1,0.6462148354369157
432617,Baby Wipes,Baby Care,Dora-Pillai,2024-07,2024-08,2024-10,12084.52,14,2.0,1,32,27621.76,2.0,1.0165300454651272,0.6875,863.18,1233.11,30.0,0.2999975671270203,365,Random Forest Balanced,0.5399999999999998,1,0.6448981875606987
361361,Biscuits,Snacks & Munchies,"Kunda, Dave and Sahni",2024-07,2024-08,2024-10,4131.05,5,62.0,1,34,28091.14,2.125,1.0850775595621183,0.6875,826.21,1271.09,35.0,0.3499988199104705,90,Random Forest Balanced,0.5399999999999998,1,0.6406275246174488
120532,Wheat Flour,Grocery & Staples,Nazareth Ltd,2024-07,2024-08,2024-10,6975.3,10,19.0,1,43,29993.79,2.6875,1.0141952631169515,0.6875,697.53,820.62,15.0,0.14999634422753533,365,Random Forest Balanced,0.5399999999999998,1,0.6405531158971793
880510,Bread,Dairy & Breakfast,Roy-Char,2024-07,2024-08,2024-10,16174.31,17,1.0,1,38,36154.34,2.375,0.8542977006895832,0.8125,951.43,1189.29,20.0,0.2000016816756216,7,Random Forest Balanced,0.5399999999999998,1,0.6365489305706259
832348,Biscuits,Snacks & Munchies,Jani-Ram,2024-07,2024-08,2024-10,2494.29,3,116.0,0,32,26605.76,2.0,1.0,0.625,831.43,1279.12,35.0,0.3499984364250422,90,Random Forest Balanced,0.5399999999999998,1,0.6337999476086976
435929,Toilet Cleaner,Household Care,Memon Ltd,2024-07,2024-08,2024-10,8568.9,10,10.0,1,30,25706.7,1.875,1.0281951104655114,0.625,856.89,1142.52,25.0,0.25,365,Random Forest Balanced,0.5399999999999998,1,0.6324253271507942
537274,Pet Treats,Pet Care,Lal-Chauhan,2024-07,2024-08,2024-10,4216.26,6,59.0,1,36,25297.56,2.25,1.0327955589886448,0.6875,702.71,1081.09,35.0,0.3499986125114467,365,Random Forest Balanced,0.5399999999999998,1,0.6302316716216443
194682,Iced Tea,Cold Drinks & Juices,Sastry-Issac,2024-07,2024-08,2024-10,2736.87,3,105.0,0,34,31017.859999999997,2.125,1.3072418290196497,0.6875,912.29,1303.27,30.0,0.2999992326992872,180,Random Forest Balanced,0.5399999999999998,1,0.6250307769706359
764014,Salt,Grocery & Staples,"Grewal, Swamy and Dayal",2024-07,2024-08,2024-10,2448.16,4,119.0,0,34,20809.36,2.125,1.2612584111513847,0.5,612.04,720.05,15.0,0.1500034719811124,365,Random Forest Balanced,0.5399999999999998,1,0.6239836295302933
114414,Vitamins,Pharmacy,Kara-Golla,2024-07,2024-08,2024-10,5824.42,7,33.0,1,29,24129.739999999998,1.8125,1.1074639574107736,0.5625,832.06,1040.07,20.0,0.19999615410501217,365,Random Forest Balanced,0.5399999999999998,1,0.6201617813866802
60619,Iced Tea,Cold Drinks & Juices,Bhasin LLC,2024-07,2024-08,2024-10,5811.28,8,34.0,1,43,31235.629999999997,2.6875,0.918688054304249,0.6875,726.41,1037.73,30.0,0.3000009636417951,180,Random Forest Balanced,0.5399999999999998,1,0.6199711458848595
34186,Mangoes,Fruits & Vegetables,Mandal-Kar,2024-07,2024-08,2024-10,8330.85,9,12.0,1,52,48133.8,3.25,0.9890923857428672,0.8125,925.65,1234.2,25.0,0.25000000000000006,3,Random Forest Balanced,0.5399999999999998,1,0.6149961055078863
561860,Orange Juice,Cold Drinks & Juices,Gupta Ltd,2024-07,2024-08,2024-10,5248.68,6,41.0,1,26,22744.28,1.625,1.1430261920619516,0.6875,874.78,1249.69,30.0,0.3000024005953477,180,Random Forest Balanced,0.5399999999999998,1,0.6091342265266668
385113,Lotion,Personal Care,"Sampath, Mane and Mody",2024-07,2024-08,2024-10,0.0,0,263.0,0,19,15511.22,1.1875,1.312487083874362,0.5,816.38,1255.97,35.0,0.3500003980986807,365,Random Forest Balanced,0.5399999999999998,1,0.6068040658470941
679321,Cola,Cold Drinks & Juices,Khurana-Dewan,2024-07,2024-08,2024-10,5169.22,7,46.0,1,36,26584.56,2.25,1.2932238721656413,0.5625,738.46,1054.94,30.0,0.29999810415758243,180,Random Forest Balanced,0.5399999999999998,1,0.604885727071397
799459,Vitamins,Pharmacy,"Garg, Kari and Kapur",2024-07,2024-08,2024-10,1704.04,2,152.0,0,31,26412.62,1.9375,1.0230774547028163,0.625,852.02,1065.02,20.0,0.19999624420198683,365,Random Forest Balanced,0.5399999999999998,1,0.5936024334945287
328457,Mango Drink,Cold Drinks & Juices,Hayre-Shere,2024-07,2024-08,2024-10,2575.71,3,112.0,0,31,26615.670000000002,1.9375,0.9696039434456395,0.625,858.57,1226.53,30.0,0.3000008153082272,180,Random Forest Balanced,0.5399999999999998,1,0.5901815821033697
739448,Dish Soap,Household Care,Mand-Choudhry,2024-07,2024-08,2024-10,6800.94,9,21.0,1,24,18135.84,1.5,1.3109227736669,0.5,755.66,1007.55,25.0,0.25000248126643837,365,Random Forest Balanced,0.5399999999999998,1,0.5878501795143042
945635,Pulses,Grocery & Staples,Balasubramanian PLC,2024-07,2024-08,2024-10,3115.6,4,92.0,0,18,14020.199999999999,1.125,1.3333333333333333,0.5,778.9,916.35,15.0,0.14999727178479844,365,Random Forest Balanced,0.5399999999999998,1,0.5804366252903145
57405,Baby Food,Baby Care,Srinivas PLC,2024-07,2024-08,2024-10,1823.0099999999998,3,147.0,0,23,13976.41,1.4375,1.6650906221849358,0.375,607.67,868.1,30.0,0.30000000000000004,365,Random Forest Balanced,0.5399999999999998,1,0.5799352325761743
291238,Chocolates,Snacks & Munchies,"Sinha, Pau and Chhabra",2024-07,2024-08,2024-10,5222.21,7,43.0,1,25,18650.75,1.5625,1.4588397216052673,0.625,746.03,1147.74,35.0,0.35000087127746704,90,Random Forest Balanced,0.5399999999999998,1,0.5720239743421834
951463,Pet Treats,Pet Care,Balakrishnan-Kaur,2024-07,2024-08,2024-10,1574.8,2,157.0,0,31,24409.399999999998,1.9375,0.913003907970539,0.6875,787.4,1211.38,35.0,0.34999752348561153,365,Random Forest Balanced,0.5399999999999998,1,0.5696529175448771
136533,Eggs,Dairy & Breakfast,"Raghavan, Magar and Shanker",2024-07,2024-08,2024-10,2478.63,3,118.0,0,31,25612.510000000002,1.9375,0.9696039434456395,0.75,826.21,1032.76,20.0,0.19999806344165144,7,Random Forest Balanced,0.5399999999999998,1,0.5677085934704574
451812,Pain Reliever,Pharmacy,"Batra, Sant and Mandal",2024-07,2024-08,2024-10,0.0,0,268.0,0,48,25480.800000000003,3.0,0.8944271909999159,0.8125,530.85,663.56,20.0,0.1999969859545481,365,Random Forest Balanced,0.5399999999999998,1,0.5613406219535786
883013,Eggs,Dairy & Breakfast,Chahal Group,2024-07,2024-08,2024-10,7919.039999999999,8,13.0,1,38,37615.44,2.375,0.7820705524634404,0.8125,989.88,1237.35,20.0,0.19999999999999996,7,Random Forest Balanced,0.5399999999999998,1,0.5610474298056259
585299,Pet Treats,Pet Care,"Sharma, Chandra and Prashad",2024-07,2024-08,2024-10,2398.38,3,122.0,0,25,19986.5,1.5625,1.2793331596317408,0.5625,799.46,1229.94,35.0,0.35000081304779096,365,Random Forest Balanced,0.5399999999999998,1,0.5576619961233462
992178,Pain Reliever,Pharmacy,Basu and Sons,2024-07,2024-08,2024-10,5691.869999999999,9,36.0,1,40,25297.199999999997,2.5,0.9465727652959386,0.75,632.43,790.54,20.0,0.2000025299162598,365,Random Forest Balanced,0.5399999999999998,1,0.5559432970621988
851978,Vitamins,Pharmacy,Parsa-Bala,2024-07,2024-08,2024-10,4294.32,6,58.0,1,22,15745.84,1.375,1.2133327278780313,0.4375,715.72,894.65,20.0,0.19999999999999996,365,Random Forest Balanced,0.5399999999999998,1,0.5531218550795405
661577,Cat Food,Pet Care,Majumdar PLC,2024-07,2024-08,2024-10,6488.55,9,24.0,1,35,25233.250000000004,2.1875,0.8708741405665248,0.6875,720.95,1109.15,35.0,0.34999774602172834,365,Random Forest Balanced,0.5399999999999998,1,0.5450588270991393
600767,Toothpaste,Personal Care,Balan Group,2024-07,2024-08,2024-10,0.0,0,267.0,0,35,25284.699999999997,2.1875,0.8547267534886525,0.75,722.42,1111.42,35.0,0.3500026992496087,365,Random Forest Balanced,0.5399999999999998,0,0.5178093334016727
120385,Pet Treats,Pet Care,Dubey-Sarin,2024-07,2024-08,2024-10,1793.73,3,148.0,0,21,12556.11,1.3125,1.5419554488369744,0.5,597.91,919.86,35.0,0.3499989128780467,365,Random Forest Balanced,0.5399999999999998,0,0.5146948740867466
376447,Butter,Dairy & Breakfast,Gara and Sons,2024-07,2024-08,2024-10,10872.6,15,4.0,1,18,13047.12,1.125,1.4470062752088628,0.4375,724.84,906.05,20.0,0.19999999999999993,7,Random Forest Balanced,0.5399999999999998,0,0.5125827113637814
237083,Cough Syrup,Pharmacy,Hayer-Banerjee,2024-07,2024-08,2024-10,2885.6499999999996,5,98.0,0,33,19045.29,2.0625,0.9931507095113397,0.625,577.13,721.41,20.0,0.19999722765140485,365,Random Forest Balanced,0.5399999999999998,0,0.5028467315230963
762527,Biscuits,Snacks & Munchies,"Chad, Yohannan and Chopra",2024-07,2024-08,2024-10,1380.16,2,168.0,0,25,17252.0,1.5625,1.095347737783151,0.625,690.08,1061.66,35.0,0.34999905807885767,90,Random Forest Balanced,0.5399999999999998,0,0.4900186235821246
140489,Soap,Personal Care,"Biswas, Kapoor and Patel",2024-07,2024-08,2024-10,3901.2,6,67.0,1,35,22757.0,2.1875,1.0586090218888604,0.625,650.2,1000.31,35.0,0.35000149953514403,365,Random Forest Balanced,0.5399999999999998,0,0.48547777669860503
723678,Dog Food,Pet Care,"Lall, Datta and Swamy",2024-07,2024-08,2024-10,7430.06,11,16.0,1,41,27693.86,2.5625,0.9971603544846828,0.75,675.46,1039.17,35.0,0.35000048115322807,365,Random Forest Balanced,0.5399999999999998,0,0.4850230749744673
306177,Frozen Biryani,Instant & Frozen Food,Som Inc,2024-07,2024-08,2024-10,3076.96,4,94.0,0,35,26923.4,2.1875,1.3376799897965286,0.625,769.24,1282.07,40.0,0.4000015599772243,180,Random Forest Balanced,0.5399999999999998,0,0.4825214633971633
712003,Cola,Cold Drinks & Juices,"Karan, Bandi and Acharya",2024-07,2024-08,2024-10,2015.0399999999997,3,141.0,0,26,17463.68,1.625,1.0017735751445973,0.625,671.68,959.54,30.0,0.2999979156679242,180,Random Forest Balanced,0.5399999999999998,0,0.4768528947472559
324809,Bread,Dairy & Breakfast,Sidhu PLC,2024-07,2024-08,2024-10,7296.0,12,17.0,1,38,23104.0,2.375,0.8542977006895832,0.75,608.0,760.0,20.0,0.2,7,Random Forest Balanced,0.5399999999999998,0,0.4723687469668745
56589,Vitamins,Pharmacy,"Pai, Kashyap and Ramachandran",2024-07,2024-08,2024-10,1553.31,3,160.0,0,40,20710.8,2.5,0.9121403400793104,0.6875,517.77,647.21,20.0,0.19999690981288926,365,Random Forest Balanced,0.5399999999999998,0,0.4659699024013859
382511,Butter,Dairy & Breakfast,Bora-Thakkar,2024-07,2024-08,2024-10,4917.78,7,50.0,1,40,28101.6,2.5,0.8640987597877146,0.8125,702.54,878.17,20.0,0.19999544507327738,7,Random Forest Balanced,0.5399999999999998,0,0.45710833983210486
398340,Instant Noodles,Instant & Frozen Food,"Nadig, Zachariah and Soni",2024-07,2024-08,2024-10,8475.09,13,11.0,1,23,14994.39,1.4375,1.1631823024285788,0.5625,651.93,1086.55,40.0,0.4,180,Random Forest Balanced,0.5399999999999998,0,0.45194716948696245
820541,Toilet Cleaner,Household Care,"Borde, Peri and Upadhyay",2024-07,2024-08,2024-10,6338.42,11,27.0,1,26,14981.720000000001,1.625,1.3645266354512893,0.4375,576.22,768.29,25.0,0.24999674602038285,365,Random Forest Balanced,0.5399999999999998,0,0.4495846610339362
337168,Eggs,Dairy & Breakfast,Dasgupta PLC,2024-07,2024-08,2024-10,3818.4300000000003,7,74.0,0,38,20728.62,2.375,0.8117329819464563,0.75,545.49,681.86,20.0,0.19999706684656673,7,Random Forest Balanced,0.5399999999999998,0,0.4464117533708686
847349,Potatoes,Fruits & Vegetables,Chhabra-Agrawal,2024-07,2024-08,2024-10,1562.16,2,159.0,0,31,24213.480000000003,1.9375,0.9877501527228201,0.625,781.08,1041.44,25.0,0.25,3,Random Forest Balanced,0.5399999999999998,0,0.44537308762229383
490602,Sugar,Grocery & Staples,Raghavan Inc,2024-07,2024-08,2024-10,3846.29,7,72.0,0,32,17583.04,2.0,1.0488088481701516,0.625,549.47,646.44,15.0,0.15000618773590746,365,Random Forest Balanced,0.5399999999999998,0,0.44306690887716976
672059,Toothpaste,Personal Care,Kaur-Gola,2024-07,2024-08,2024-10,3363.65,5,82.0,0,29,19509.170000000002,1.8125,1.1256389386539678,0.5625,672.73,1034.97,35.0,0.3500004831057905,365,Random Forest Balanced,0.5399999999999998,0,0.43582996602101787
642612,Pet Treats,Pet Care,Pillay-Ahuja,2024-07,2024-08,2024-10,3619.2099999999996,7,78.0,0,35,18096.05,2.1875,0.8708741405665248,0.6875,517.03,795.43,35.0,0.3499993714091749,365,Random Forest Balanced,0.5399999999999998,0,0.43426225611833036
970529,Diapers,Baby Care,"Kurian, Patla and Sanghvi",2024-07,2024-08,2024-10,5792.08,7,35.0,1,38,31442.72,2.375,0.7970397678316173,0.8125,827.44,1182.06,30.0,0.3000016919614909,365,Random Forest Balanced,0.5399999999999998,0,0.4320148747464225
183929,Bread,Dairy & Breakfast,"Nagi, Sampath and Khurana",2024-07,2024-08,2024-10,2216.2200000000003,3,132.0,0,29,21423.460000000003,1.8125,0.7859245308631393,0.6875,738.74,923.42,20.0,0.19999566827662382,7,Random Forest Balanced,0.5399999999999998,0,0.42481028215688243
154179,Pain Reliever,Pharmacy,"Barad, Devi and Andra",2024-07,2024-08,2024-10,1165.74,2,178.0,0,18,10491.66,1.125,1.3722709543003746,0.5,582.87,728.59,20.0,0.20000274502806795,365,Random Forest Balanced,0.5399999999999998,0,0.4213087308105721
319388,Orange Juice,Cold Drinks & Juices,D’Alia-Dey,2024-07,2024-08,2024-10,7235.799999999999,11,18.0,1,26,17102.8,1.625,1.3270066863290968,0.4375,657.8,939.71,30.0,0.2999968075257261,180,Random Forest Balanced,0.5399999999999998,0,0.41875271196432307
67197,Butter,Dairy & Breakfast,Shetty-Bora,2024-07,2024-08,2024-10,3865.4000000000005,7,69.0,0,30,16566.0,1.875,1.2450792031924003,0.5625,552.2,690.25,20.0,0.19999999999999993,7,Random Forest Balanced,0.5399999999999998,0,0.41839275964759104
70969,Carrots,Fruits & Vegetables,Mohan Group,2024-07,2024-08,2024-10,2526.8,4,114.0,0,21,13265.7,1.3125,1.1710800875382399,0.5625,631.7,842.27,25.0,0.2500029681693518,3,Random Forest Balanced,0.5399999999999998,0,0.41071807798328674
373536,Dog Food,Pet Care,Chauhan-Sabharwal,2024-07,2024-08,2024-10,1482.51,3,164.0,0,25,12354.25,1.5625,0.9626629732154447,0.625,494.17,760.26,35.0,0.3499986846605109,365,Random Forest Balanced,0.5399999999999998,0,0.41045929002953774
613942,Pet Treats,Pet Care,"Dyal, Saraf and Goel",2024-07,2024-08,2024-10,3270.0,6,87.0,0,37,20165.0,2.3125,0.8892946075137345,0.8125,545.0,838.46,35.0,0.3499988073372612,365,Random Forest Balanced,0.5399999999999998,0,0.40167412163044847
760828,Pet Treats,Pet Care,"Khurana, Khosla and Yohannan",2024-07,2024-08,2024-10,2253.8,4,129.0,0,29,16340.050000000001,1.8125,1.277631578141728,0.5,563.45,866.85,35.0,0.35000288400530655,365,Random Forest Balanced,0.5399999999999998,0,0.39539717896672455
425341,Pet Treats,Pet Care,"Mani, Dhar and Muni",2024-07,2024-08,2024-10,3890.24,8,68.0,0,40,19451.199999999997,2.5,1.1775681155103794,0.625,486.28,748.12,35.0,0.34999732663209115,365,Random Forest Balanced,0.5399999999999998,0,0.38527203964388856
89084,Milk,Dairy & Breakfast,"Wali, Virk and Iyer",2024-07,2024-08,2024-10,4790.640000000001,8,52.0,1,44,26348.520000000004,2.75,0.8956583370623594,0.8125,598.83,748.54,20.0,0.20000267186790277,7,Random Forest Balanced,0.5399999999999998,0,0.3851315716859191
451933,Wheat Flour,Grocery & Staples,Nadig Ltd,2024-07,2024-08,2024-10,2844.7000000000003,5,100.0,0,29,16499.260000000002,1.8125,0.9280069976638323,0.6875,568.94,669.34,15.0,0.14999850599097614,365,Random Forest Balanced,0.5399999999999998,0,0.3831147412614971
107548,Cola,Cold Drinks & Juices,"Bhandari, Bhasin and Palan",2024-07,2024-08,2024-10,6241.200000000001,7,28.0,1,28,24964.800000000003,1.75,0.6431216387098717,0.8125,891.6,1273.71,30.0,0.2999976446757896,180,Random Forest Balanced,0.5399999999999998,0,0.37483670241865275
784673,Dog Food,Pet Care,Ramanathan Group,2024-07,2024-08,2024-10,3931.12,8,65.0,1,20,9827.8,1.25,1.289961239727768,0.4375,491.39,755.98,35.0,0.34999603164104875,365,Random Forest Balanced,0.5399999999999998,0,0.37479500466159105
487931,Sugar,Grocery & Staples,"Bahl, Jaggi and Nath",2024-07,2024-08,2024-10,1418.16,2,167.0,0,43,30490.440000000002,2.6875,0.7652069878606552,0.8125,709.08,834.21,15.0,0.14999820189161,365,Random Forest Balanced,0.5399999999999998,0,0.3643305672361766
397973,Bananas,Fruits & Vegetables,"Wable, Randhawa and Mutti",2024-07,2024-08,2024-10,2914.92,4,97.0,0,25,18218.25,1.5625,1.3620376891505854,0.4375,728.73,971.64,25.0,0.24999999999999997,3,Random Forest Balanced,0.5399999999999998,0,0.35375090062543035
903336,Pulses,Grocery & Staples,"Vaidya, Amble and Palla",2024-07,2024-08,2024-10,3311.2799999999997,6,86.0,0,36,19867.68,2.25,0.8663817195385746,0.75,551.88,649.27,15.0,0.1499992299043541,365,Random Forest Balanced,0.5399999999999998,0,0.3530150914199752
491521,Nuts,Snacks & Munchies,Karpe Inc,2024-07,2024-08,2024-10,4450.8,8,54.0,1,20,11127.0,1.25,0.9465727652959386,0.6875,556.35,855.92,35.0,0.34999766333302174,90,Random Forest Balanced,0.5399999999999998,0,0.3474082266368225
954722,Ice Cream,Instant & Frozen Food,Mohan-Virk,2024-07,2024-08,2024-10,1849.3500000000001,3,145.0,0,40,24658.0,2.5,0.8640987597877148,0.6875,616.45,1027.42,40.0,0.4000019466235814,180,Random Forest Balanced,0.5399999999999998,0,0.34124577012757623
894539,Dish Soap,Household Care,"Pall, Sule and Sood",2024-07,2024-08,2024-10,3563.84,8,79.0,0,27,12027.960000000001,1.6875,1.0084235978598586,0.625,445.48,593.97,25.0,0.24999579103321717,365,Random Forest Balanced,0.5399999999999998,0,0.3352610340500757
965755,Bananas,Fruits & Vegetables,"Doshi, Sarraf and Sama",2024-07,2024-08,2024-10,0.0,0,252.0,0,29,15444.530000000002,1.8125,1.178483275216211,0.5625,532.57,710.09,25.0,0.24999647931952285,3,Random Forest Balanced,0.5399999999999998,0,0.33432932673136323
15314,Cheese,Dairy & Breakfast,Banik-Ratta,2024-07,2024-08,2024-10,1157.7,2,179.0,0,29,16786.65,1.8125,0.7596649030739452,0.75,578.85,723.56,20.0,0.19999723588921434,7,Random Forest Balanced,0.5399999999999998,0,0.32631065986651936
552496,Dish Soap,Household Care,Dhar PLC,2024-07,2024-08,2024-10,6096.0,12,30.0,1,39,19812.0,2.4375,0.7334110292951271,0.8125,508.0,677.33,25.0,0.24999630903695397,365,Random Forest Balanced,0.5399999999999998,0,0.32362003800549516
949818,Biscuits,Snacks & Munchies,Yohannan Inc,2024-07,2024-08,2024-10,3864.4,8,70.0,0,28,13525.4,1.75,1.1332933166204582,0.5,483.05,743.15,35.0,0.3499966359415999,90,Random Forest Balanced,0.5399999999999998,0,0.30869873046844143
284460,Potatoes,Fruits & Vegetables,"Ramakrishnan, Anand and Khare",2024-07,2024-08,2024-10,5059.5,10,47.0,1,13,6577.35,0.8125,1.4366298498373848,0.375,505.95,674.6,25.0,0.25000000000000006,3,Random Forest Balanced,0.5399999999999998,0,0.30218368169399185
925482,Frozen Biryani,Instant & Frozen Food,Viswanathan-Sha,2024-07,2024-08,2024-10,5225.4400000000005,11,42.0,1,37,17576.48,2.3125,0.7358766795193562,0.8125,475.04,791.73,40.0,0.39999747388629964,180,Random Forest Balanced,0.5399999999999998,0,0.29974547266579826
644847,Salt,Grocery & Staples,"Jhaveri, Kata and Kapur",2024-07,2024-08,2024-10,4359.67,7,57.0,1,27,16815.87,1.6875,0.7084311640663427,0.8125,622.81,732.72,15.0,0.15000272955562846,365,Random Forest Balanced,0.5399999999999998,0,0.28436038751685044
833557,Cereal,Dairy & Breakfast,"Gole, Chand and Dada",2024-07,2024-08,2024-10,845.74,2,199.0,0,38,16069.060000000001,2.375,0.7970397678316173,0.75,422.87,528.59,20.0,0.20000378365084473,7,Random Forest Balanced,0.5399999999999998,0,0.2786203046545452
611575,Frozen Pizza,Instant & Frozen Food,"Bhat, Nigam and Hayer",2024-07,2024-08,2024-10,964.12,2,186.0,0,31,14943.86,1.9375,1.0903034928659412,0.625,482.06,803.43,40.0,0.3999975106729895,180,Random Forest Balanced,0.5399999999999998,0,0.2740605428757711
753354,Shampoo,Personal Care,Sant-Mahajan,2024-07,2024-08,2024-10,2964.92,7,96.0,0,20,8471.2,1.25,1.186591757935306,0.4375,423.56,651.63,35.0,0.3499992326933996,365,Random Forest Balanced,0.5399999999999998,0,0.259890559917669
14145,Spinach,Fruits & Vegetables,"Thakur, Shah and Pingle",2024-07,2024-08,2024-10,1261.68,2,174.0,0,35,22079.4,2.1875,1.0183620301689356,0.75,630.84,841.12,25.0,0.24999999999999997,3,Random Forest Balanced,0.5399999999999998,0,0.2583032873033839
839170,Curd,Dairy & Breakfast,Shetty and Sons,2024-07,2024-08,2024-10,963.26,2,187.0,0,29,13967.27,1.8125,0.8831895499907377,0.75,481.63,602.04,20.0,0.20000332203840274,7,Random Forest Balanced,0.5399999999999998,0,0.25430457747338586
891833,Curd,Dairy & Breakfast,Mani PLC,2024-07,2024-08,2024-10,7891.04,16,14.0,1,22,10850.18,1.375,0.9151314466994848,0.6875,493.19,616.49,20.0,0.2000032441726549,7,Random Forest Balanced,0.5399999999999998,0,0.2539051427984277
615545,Soap,Personal Care,Barman Inc,2024-07,2024-08,2024-10,2688.96,6,106.0,0,32,14341.12,2.0,1.3291601358251257,0.5625,448.16,689.48,35.0,0.35000290073678714,365,Random Forest Balanced,0.5399999999999998,0,0.253391986231523
654623,Chips,Snacks & Munchies,Pradhan and Sons,2024-07,2024-08,2024-10,5487.82,13,39.0,1,42,17729.88,2.625,1.1793127378416959,0.6875,422.14,649.45,35.0,0.3500038494110402,90,Random Forest Balanced,0.5399999999999998,0,0.2444928015863916
859361,Shampoo,Personal Care,Mitter Group,2024-07,2024-08,2024-10,3026.7299999999996,7,95.0,0,22,9512.58,1.375,1.4020842415438792,0.5625,432.39,665.22,35.0,0.3500045097862362,365,Random Forest Balanced,0.5399999999999998,0,0.23526076888497088
913428,Pet Treats,Pet Care,Narayanan-Kumar,2024-07,2024-08,2024-10,784.44,2,205.0,0,37,14512.140000000001,2.3125,0.9697644795766399,0.6875,392.22,603.42,35.0,0.3500049716615292,365,Random Forest Balanced,0.5399999999999998,0,0.23383989112525005
567671,Biscuits,Snacks & Munchies,Nagar LLC,2024-07,2024-08,2024-10,2510.88,6,115.0,0,21,8788.08,1.3125,1.326057244454655,0.5625,418.48,643.82,35.0,0.35000465968749034,90,Random Forest Balanced,0.5399999999999998,0,0.230696905934438
667163,Orange Juice,Cold Drinks & Juices,Palla LLC,2024-07,2024-08,2024-10,2206.0,5,134.0,0,28,12353.6,1.75,1.2255777479729837,0.5,441.2,630.29,30.0,0.30000475971378254,180,Random Forest Balanced,0.5399999999999998,0,0.2232789634160245
927651,Baby Wipes,Baby Care,Narula Group,2024-07,2024-08,2024-10,1706.88,4,151.0,0,27,11521.44,1.6875,1.3112017824544944,0.6875,426.72,609.6,30.0,0.3,365,Random Forest Balanced,0.5399999999999998,0,0.2137431988820821
555121,Carrots,Fruits & Vegetables,"Subramanian, Chaudhuri and Dora",2024-07,2024-08,2024-10,1419.64,4,166.0,0,39,13841.490000000002,2.4375,0.8470081157769264,0.75,354.91,473.21,25.0,0.24999471693328534,3,Random Forest Balanced,0.5399999999999998,0,0.21264338379191208
287070,Wheat Flour,Grocery & Staples,"Gala, Magar and Rajagopal",2024-07,2024-08,2024-10,1329.51,3,171.0,0,29,12851.93,1.8125,1.277631578141728,0.5625,443.17,521.38,15.0,0.15000575396064286,365,Random Forest Balanced,0.5399999999999998,0,0.21075291845596497
721521,Rice,Grocery & Staples,"Ramanathan, Agarwal and Baria",2024-07,2024-08,2024-10,3339.12,8,83.0,0,28,11686.92,1.75,1.011498517893467,0.625,417.39,491.05,15.0,0.1500050911312494,365,Random Forest Balanced,0.5399999999999998,0,0.20211555040346343
500739,Bread,Dairy & Breakfast,Aggarwal Group,2024-07,2024-08,2024-10,719.96,2,207.0,0,26,9359.48,1.625,1.2074718074060666,0.5,359.98,449.98,20.0,0.20000888928396818,7,Random Forest Balanced,0.5399999999999998,0,0.1976470100336347
812607,Potatoes,Fruits & Vegetables,Rege Group,2024-07,2024-08,2024-10,4166.5,10,60.0,1,27,11249.55,1.6875,1.2186629806669695,0.5,416.65,555.53,25.0,0.2499954997929905,3,Random Forest Balanced,0.5399999999999998,0,0.18971108680379536
890232,Mango Drink,Cold Drinks & Juices,Jha Group,2024-07,2024-08,2024-10,864.0,2,197.0,0,31,13392.0,1.9375,1.2567680112894684,0.5,432.0,617.14,30.0,0.29999675924425573,180,Random Forest Balanced,0.5399999999999998,0,0.18254092404882982
659290,Cheese,Dairy & Breakfast,Kapadia-D’Alia,2024-07,2024-08,2024-10,319.34,1,230.0,0,35,11176.9,2.1875,1.0319521161701386,0.625,319.34,399.17,20.0,0.19998997920685432,7,Random Forest Balanced,0.5399999999999998,0,0.17597331653588205
513199,Cola,Cold Drinks & Juices,Rastogi Inc,2024-07,2024-08,2024-10,2111.15,5,140.0,0,17,7177.91,1.0625,1.734379951960469,0.3125,422.23,603.19,30.0,0.300004973557254,180,Random Forest Balanced,0.5399999999999998,0,0.17112085127325652
473929,Carrots,Fruits & Vegetables,"Bhardwaj, Bhatia and Deshmukh",2024-07,2024-08,2024-10,3081.33,7,93.0,0,26,11444.94,1.625,1.1430261920619516,0.5,440.19,586.92,25.0,0.24999999999999994,3,Random Forest Balanced,0.5399999999999998,0,0.1692219098417526
329351,Cheese,Dairy & Breakfast,"Lala, Kalita and Sathe",2024-07,2024-08,2024-10,0.0,0,255.0,0,37,11502.19,2.3125,1.0907674167030867,0.625,310.87,388.59,20.0,0.2000051468128361,7,Random Forest Balanced,0.5399999999999998,0,0.1657892165934199
647462,Lotion,Personal Care,"Balan, Samra and Sekhon",2024-07,2024-08,2024-10,2284.94,7,128.0,0,32,10445.44,2.0,0.983192080250175,0.625,326.42,502.18,35.0,0.34999402604643753,365,Random Forest Balanced,0.5399999999999998,0,0.15718325625619736
606256,Frozen Biryani,Instant & Frozen Food,Agate Ltd,2024-07,2024-08,2024-10,2215.68,6,133.0,0,23,8493.439999999999,1.4375,1.1351073997969194,0.5625,369.28,615.47,40.0,0.40000324954912514,180,Random Forest Balanced,0.5399999999999998,0,0.15196604391013638
462526,Curd,Dairy & Breakfast,Pau and Sons,2024-07,2024-08,2024-10,3149.7900000000004,7,90.0,0,18,8099.460000000001,1.125,1.4470062752088628,0.4375,449.97,562.46,20.0,0.19999644419158696,7,Random Forest Balanced,0.5399999999999998,0,0.15139135513100827
706112,Vitamins,Pharmacy,"Magar, Gara and Garg",2024-07,2024-08,2024-10,2393.9500000000003,5,123.0,0,16,7660.64,1.0,1.6733200530681511,0.3125,478.79,598.49,20.0,0.2000033417433875,365,Random Forest Balanced,0.5399999999999998,0,0.15005790866772623
734789,Popcorn,Snacks & Munchies,"Chaudhari, Pant and Singh",2024-07,2024-08,2024-10,791.64,2,204.0,0,31,12270.42,1.9375,1.298468908128471,0.625,395.82,608.95,35.0,0.3499958945726251,90,Random Forest Balanced,0.5399999999999998,0,0.14787612145191298
487065,Chips,Snacks & Munchies,Kadakia-Yadav,2024-07,2024-08,2024-10,374.68,1,226.0,0,40,14987.199999999999,2.5,0.8390470785361213,0.75,374.68,576.43,35.0,0.34999913259198856,90,Random Forest Balanced,0.5399999999999998,0,0.14424790719841948
33797,Pain Reliever,Pharmacy,Gaba LLC,2024-07,2024-08,2024-10,1776.24,2,149.0,0,4,3552.48,0.25,2.309401076758503,0.1875,888.12,1110.15,20.0,0.20000000000000007,365,Random Forest Balanced,0.5399999999999998,0,0.14304600537100362
604184,Toilet Cleaner,Household Care,"Gaba, Sodhi and Choudhary",2024-07,2024-08,2024-10,3180.4,8,88.0,0,54,21467.7,3.375,0.5503459443261247,0.9375,397.55,530.07,25.0,0.2500047163582169,365,Random Forest Balanced,0.5399999999999998,0,0.14174945913541423
91670,Dish Soap,Household Care,Barman-Ahluwalia,2024-07,2024-08,2024-10,2635.44,6,109.0,0,35,15373.4,2.1875,1.110003983568264,0.75,439.24,585.65,25.0,0.24999573123879446,365,Random Forest Balanced,0.5399999999999998,0,0.13574081638374697
969851,Frozen Vegetables,Instant & Frozen Food,"Kara, Sodhi and Bassi",2024-07,2024-08,2024-10,1021.98,3,183.0,0,33,11241.78,2.0625,0.8757523330030761,0.6875,340.66,567.77,40.0,0.4000035225531465,180,Random Forest Balanced,0.5399999999999998,0,0.1315151104663414
433521,Diapers,Baby Care,Mahal Group,2024-07,2024-08,2024-10,1606.65,5,154.0,0,38,12210.539999999999,2.375,1.138919479504188,0.5625,321.33,459.04,30.0,0.299995643081213,365,Random Forest Balanced,0.5399999999999998,0,0.12692233551408102
219598,Shampoo,Personal Care,Arora-Magar,2024-07,2024-08,2024-10,1468.32,4,165.0,0,28,10278.24,1.75,1.2777531299998799,0.5,367.08,564.74,35.0,0.35000177072635197,365,Random Forest Balanced,0.5399999999999998,0,0.1265781194169351
679865,Wheat Flour,Grocery & Staples,Memon-Barad,2024-07,2024-08,2024-10,3131.19,9,91.0,0,38,13220.580000000002,2.375,1.1073497430217194,0.6875,347.91,409.31,15.0,0.15000855097603277,365,Random Forest Balanced,0.5399999999999998,0,0.12637496953380675
26060,Vitamins,Pharmacy,Shah and Sons,2024-07,2024-08,2024-10,2743.52,8,104.0,0,29,9945.26,1.8125,0.9058754795571746,0.625,342.94,428.67,20.0,0.19999066881283975,365,Random Forest Balanced,0.5399999999999998,0,0.12511807700447564
256051,Lotion,Personal Care,"Mannan, Naidu and Sama",2024-07,2024-08,2024-10,0.0,0,266.0,0,36,14433.12,2.25,1.1646366818982843,0.625,400.92,616.8,35.0,0.3499999999999999,365,Random Forest Balanced,0.5399999999999998,0,0.12335155859181869
274207,Cough Syrup,Pharmacy,"Savant, Batta and Mander",2024-07,2024-08,2024-10,2628.08,8,110.0,0,27,8869.77,1.6875,1.199298682428758,0.625,328.51,410.64,20.0,0.20000487044613285,365,Random Forest Balanced,0.5399999999999998,0,0.12283168899985875
623234,Frozen Biryani,Instant & Frozen Food,Chakrabarti-Batra,2024-07,2024-08,2024-10,3627.6900000000005,11,77.0,0,21,6925.59,1.3125,1.5913598913680322,0.375,329.79,549.65,40.0,0.3999999999999999,180,Random Forest Balanced,0.5399999999999998,0,0.11803107620704234
354409,Pulses,Grocery & Staples,Bose-Pandit,2024-07,2024-08,2024-10,975.2399999999999,3,185.0,0,24,7801.92,1.5,1.3109227736668998,0.5,325.08,382.45,15.0,0.1500065368021964,365,Random Forest Balanced,0.5399999999999998,0,0.11388493055219058
257719,Eggs,Dairy & Breakfast,Chaudhuri PLC,2024-07,2024-08,2024-10,2535.57,9,113.0,0,24,6761.52,1.5,1.520233900132184,0.4375,281.73,352.16,20.0,0.1999943207632894,7,Random Forest Balanced,0.5399999999999998,0,0.11206320915157832
876139,Pulses,Grocery & Staples,Cherian-Dara,2024-07,2024-08,2024-10,3326.0,8,84.0,0,44,18293.0,2.75,0.7088577705315611,0.8125,415.75,489.12,15.0,0.1500040889761204,365,Random Forest Balanced,0.5399999999999998,0,0.11186593001044992
901144,Sugar,Grocery & Staples,Deo-Kamdar,2024-07,2024-08,2024-10,1021.08,3,184.0,0,31,10551.16,1.9375,0.913003907970539,0.6875,340.36,400.42,15.0,0.14999250786673993,365,Random Forest Balanced,0.5399999999999998,0,0.10691362038828542
52729,Cat Food,Pet Care,Saini LLC,2024-07,2024-08,2024-10,3160.2,10,89.0,0,19,6004.379999999999,1.1875,1.1594885362707583,0.5625,316.02,486.18,35.0,0.3499938294458843,365,Random Forest Balanced,0.5399999999999998,0,0.1036815190864033
36412,Dish Soap,Household Care,Muni-Shankar,2024-07,2024-08,2024-10,4374.48,11,56.0,1,37,14714.16,2.3125,1.1573123192279036,0.625,397.68,530.24,25.0,0.25,365,Random Forest Balanced,0.5399999999999998,0,0.10212473761634197
621677,Frozen Biryani,Instant & Frozen Food,Sabharwal-Mital,2024-07,2024-08,2024-10,0.0,0,258.0,0,37,11758.6,2.3125,1.0676644955427759,0.6875,317.8,529.67,40.0,0.40000377593596004,180,Random Forest Balanced,0.5399999999999998,0,0.0925206340410426
440875,Baby Wipes,Baby Care,Loyal Inc,2024-07,2024-08,2024-10,1925.2099999999998,7,144.0,0,24,6600.719999999999,1.5,1.0610965676722952,0.5625,275.03,392.9,30.0,0.30000000000000004,365,Random Forest Balanced,0.5399999999999998,0,0.08497679874527361
540618,Popcorn,Snacks & Munchies,Golla-Luthra,2024-07,2024-08,2024-10,2219.3500000000004,7,131.0,0,30,9511.5,1.875,1.0095837059200485,0.75,317.05,487.77,35.0,0.35000102507329267,90,Random Forest Balanced,0.5399999999999998,0,0.07790488429698957
378287,Lemonade,Cold Drinks & Juices,Ramesh-Jain,2024-07,2024-08,2024-10,2329.88,7,125.0,0,34,11316.56,2.125,1.2844559119017582,0.5625,332.84,475.49,30.0,0.30000630928095234,180,Random Forest Balanced,0.5399999999999998,0,0.07638673866417679
681063,Mango Drink,Cold Drinks & Juices,Dass and Sons,2024-07,2024-08,2024-10,3855.36,12,71.0,0,32,10280.96,2.0,0.7958224257542215,0.8125,321.28,458.97,30.0,0.29999782120835794,180,Random Forest Balanced,0.5399999999999998,0,0.07543464884642863
131937,Frozen Pizza,Instant & Frozen Food,"Varkey, Devi and Ganguly",2024-07,2024-08,2024-10,575.62,2,215.0,0,49,14102.69,3.0625,1.0289169055913552,0.6875,287.81,479.68,40.0,0.39999583055370247,180,Random Forest Balanced,0.5399999999999998,0,0.07184522302991174
687218,Mango Drink,Cold Drinks & Juices,"Sankaran, Pall and Gola",2024-07,2024-08,2024-10,317.82,1,231.0,0,30,9534.6,1.875,0.8460802868829007,0.6875,317.82,454.03,30.0,0.30000220249763226,180,Random Forest Balanced,0.5399999999999998,0,0.06835217540494833
34200,Lotion,Personal Care,Munshi-Grewal,2024-07,2024-08,2024-10,2238.6000000000004,7,130.0,0,34,10873.2,2.125,0.7465414296025596,0.75,319.8,492.0,35.0,0.35,365,Random Forest Balanced,0.5399999999999998,0,0.06657570722801576
784827,Baby Wipes,Baby Care,Balakrishnan Ltd,2024-07,2024-08,2024-10,1645.5,6,153.0,0,25,6856.25,1.5625,1.6015992007990016,0.4375,274.25,391.79,30.0,0.30000765716327626,365,Random Forest Balanced,0.5399999999999998,0,0.06552251158493877
461804,Sugar,Grocery & Staples,"Ghose, Ben and Divan",2024-07,2024-08,2024-10,310.69,1,232.0,0,26,8077.94,1.625,1.2485889471616987,0.625,310.69,365.52,15.0,0.15000547165681766,365,Random Forest Balanced,0.5399999999999998,0,0.06467334894207961
6405,Baby Food,Baby Care,Kashyap-Reddy,2024-07,2024-08,2024-10,1182.55,5,177.0,0,29,6858.79,1.8125,1.277631578141728,0.5625,236.51,337.87,30.0,0.2999970402817652,365,Random Forest Balanced,0.5399999999999998,0,0.06248628899727831
481843,Chocolates,Snacks & Munchies,"Taneja, Kala and Kota",2024-07,2024-08,2024-10,1190.72,4,176.0,0,21,6251.28,1.3125,1.2354061150429085,0.4375,297.68,457.97,35.0,0.3500010917745704,90,Random Forest Balanced,0.5399999999999998,0,0.058257793802329434
500633,Cereal,Dairy & Breakfast,Trivedi-Ahluwalia,2024-07,2024-08,2024-10,0.0,0,254.0,0,46,7107.0,2.875,0.8316365839039674,0.9375,154.5,193.12,20.0,0.19997928748964378,7,Random Forest Balanced,0.5399999999999998,0,0.05609823668763297
532965,Frozen Pizza,Instant & Frozen Food,Sachdev Inc,2024-07,2024-08,2024-10,0.0,0,257.0,0,27,8295.210000000001,1.6875,0.8014618559473916,0.75,307.23,512.05,40.0,0.3999999999999999,180,Random Forest Balanced,0.5399999999999998,0,0.05609017649069843
952168,Popcorn,Snacks & Munchies,"Krishnamurthy, Sibal and Das",2024-07,2024-08,2024-10,2132.5499999999997,9,137.0,0,27,6397.65,1.6875,1.7806561061212893,0.4375,236.95,364.54,35.0,0.35000274318318986,90,Random Forest Balanced,0.5399999999999998,0,0.05564446122907938
799688,Lotion,Personal Care,Arora LLC,2024-07,2024-08,2024-10,2167.34,7,135.0,0,25,7740.5,1.5625,0.8734300200931955,0.75,309.62,476.34,35.0,0.35000209934080695,365,Random Forest Balanced,0.5399999999999998,0,0.05518322349952785
587420,Cookies,Snacks & Munchies,Raj and Sons,2024-07,2024-08,2024-10,3931.6200000000003,11,64.0,1,13,4646.46,0.8125,1.8099004516741837,0.3125,357.42,549.88,35.0,0.3500036371571979,90,Random Forest Balanced,0.5399999999999998,0,0.051566931440867145
798639,Eggs,Dairy & Breakfast,Subramaniam LLC,2024-07,2024-08,2024-10,633.75,3,211.0,0,28,5915.0,1.75,1.0942024088643865,0.5625,211.25,264.06,20.0,0.19999242596379613,7,Random Forest Balanced,0.5399999999999998,0,0.050283175115218445
712307,Orange Juice,Cold Drinks & Juices,Chana LLC,2024-07,2024-08,2024-10,0.0,0,256.0,0,30,7946.699999999999,1.875,1.4294261993049027,0.5625,264.89,378.41,30.0,0.29999207209111817,180,Random Forest Balanced,0.5399999999999998,0,0.048885609332242334
677169,Cough Syrup,Pharmacy,Char-Divan,2024-07,2024-08,2024-10,1044.12,4,182.0,0,34,8875.019999999999,2.125,1.0575155319644345,0.75,261.03,326.29,20.0,0.20000612951668775,365,Random Forest Balanced,0.5399999999999998,0,0.048387530443412784
747801,Toilet Cleaner,Household Care,Saha-Vora,2024-07,2024-08,2024-10,0.0,0,260.0,0,36,9999.36,2.25,0.6592176432973922,0.875,277.76,370.35,25.0,0.2500067503712705,365,Random Forest Balanced,0.5399999999999998,0,0.04762823897808417
890623,Onions,Fruits & Vegetables,"Sangha, Nagar and Varty",2024-07,2024-08,2024-10,1063.56,3,181.0,0,10,3545.2,0.625,1.7404980130219436,0.375,354.52,472.69,25.0,0.24999471112145386,3,Random Forest Balanced,0.5399999999999998,0,0.04445711172885086
914071,Chips,Snacks & Munchies,Datta Ltd,2024-07,2024-08,2024-10,1484.7,5,163.0,0,31,9205.14,1.9375,0.9322524835194035,0.6875,296.94,456.83,35.0,0.3499989055009522,90,Random Forest Balanced,0.5399999999999998,0,0.04237624729072098
77308,Onions,Fruits & Vegetables,Ratta-Sagar,2024-07,2024-08,2024-10,893.08,4,194.0,0,35,7814.450000000001,2.1875,0.976457570893432,0.75,223.27,297.69,25.0,0.24999160200208267,3,Random Forest Balanced,0.5399999999999998,0,0.04133647013174877
953175,Baby Food,Baby Care,Sehgal-Nagarajan,2024-07,2024-08,2024-10,1576.47,7,156.0,0,34,7657.14,2.125,1.201306478340128,0.5625,225.21,321.73,30.0,0.3000031081963137,365,Random Forest Balanced,0.5399999999999998,0,0.04105066583579702
592784,Biscuits,Snacks & Munchies,"Andra, Mander and Kari",2024-07,2024-08,2024-10,560.7,2,216.0,0,21,5887.35,1.3125,0.9108400680852976,0.6875,280.35,431.31,35.0,0.3500034777770049,90,Random Forest Balanced,0.5399999999999998,0,0.03998096725819049
564692,Cat Food,Pet Care,"Krishna, Bail and Dyal",2024-07,2024-08,2024-10,862.6,4,198.0,0,34,7332.1,2.125,1.2958989523026123,0.6875,215.65,331.77,35.0,0.3500015070681496,365,Random Forest Balanced,0.5399999999999998,0,0.03507108294266945
990993,Chocolates,Snacks & Munchies,Guha-Subramaniam,2024-07,2024-08,2024-10,1582.2,6,155.0,0,28,7383.599999999999,1.75,1.1710800875382397,0.625,263.7,405.69,35.0,0.3499963025955779,90,Random Forest Balanced,0.5399999999999998,0,0.03425699137463844
848226,Tomatoes,Fruits & Vegetables,Barad and Sons,2024-07,2024-08,2024-10,628.77,3,212.0,0,27,5658.93,1.6875,0.9361900236609965,0.6875,209.59,279.45,25.0,0.24999105385578813,3,Random Forest Balanced,0.5399999999999998,0,0.03409979579807166
578097,Nuts,Snacks & Munchies,Jha Group,2024-07,2024-08,2024-10,1070.44,4,180.0,0,22,5887.42,1.375,1.0242244932983082,0.625,267.61,411.71,35.0,0.35000364334118667,90,Random Forest Balanced,0.5399999999999998,0,0.033309946758222624
669378,Potatoes,Fruits & Vegetables,Chadha and Sons,2024-07,2024-08,2024-10,2121.3999999999996,10,139.0,0,31,6576.34,1.9375,1.352070905541134,0.5,212.14,282.85,25.0,0.24999116139296457,3,Random Forest Balanced,0.5399999999999998,0,0.033188819967089105
542300,Popcorn,Snacks & Munchies,Gulati-Tandon,2024-07,2024-08,2024-10,3319.55,13,85.0,0,35,8937.25,2.1875,1.2177373911240046,0.5625,255.35,392.85,35.0,0.3500063637520683,90,Random Forest Balanced,0.5399999999999998,0,0.03280440462632244
820973,Baby Wipes,Baby Care,Lall LLC,2024-07,2024-08,2024-10,916.16,8,190.0,0,60,6871.2,3.75,0.9465727652959386,0.875,114.52,163.6,30.0,0.3,365,Random Forest Balanced,0.5399999999999998,0,0.032279745323475974
317242,Pulses,Grocery & Staples,Rastogi Group,2024-07,2024-08,2024-10,0.0,0,259.0,0,51,10105.650000000001,3.1875,0.8740788527532569,0.6875,198.15,233.12,15.0,0.15000857927247768,365,Random Forest Balanced,0.5399999999999998,0,0.030237755352332942
807452,Pulses,Grocery & Staples,Naik Ltd,2024-07,2024-08,2024-10,720.95,5,206.0,0,18,2595.42,1.125,1.3333333333333333,0.4375,144.19,169.64,15.0,0.15002357934449417,365,Random Forest Balanced,0.5399999999999998,0,0.02654143079143079
991434,Cookies,Snacks & Munchies,Mital-Oza,2024-07,2024-08,2024-10,2138.58,9,136.0,0,34,8079.08,2.125,1.2729100065046806,0.625,237.62,365.57,35.0,0.35000136772711105,90,Random Forest Balanced,0.5399999999999998,0,0.024242778868939864
961614,Chocolates,Snacks & Munchies,Goda Inc,2024-07,2024-08,2024-10,908.88,4,192.0,0,31,7043.82,1.9375,1.106471989529916,0.625,227.22,349.57,35.0,0.3500014303286895,90,Random Forest Balanced,0.5399999999999998,0,0.02368037518037518
140154,Shampoo,Personal Care,Malhotra LLC,2024-07,2024-08,2024-10,0.0,0,265.0,0,39,6676.799999999999,2.4375,0.9108400680852977,0.6875,171.2,263.38,35.0,0.34998860961348627,365,Random Forest Balanced,0.5399999999999998,0,0.023184704184704186
837480,Cough Syrup,Pharmacy,Edwin and Sons,2024-07,2024-08,2024-10,652.2,3,210.0,0,36,7826.400000000001,2.25,1.198078021875895,0.625,217.4,271.75,20.0,0.19999999999999998,365,Random Forest Balanced,0.5399999999999998,0,0.020066730341911646
692985,Pulses,Grocery & Staples,"Wable, Sankaran and Hari",2024-07,2024-08,2024-10,394.78,2,224.0,0,26,5132.139999999999,1.625,1.0509693093291896,0.625,197.39,232.22,15.0,0.14998708121608825,365,Random Forest Balanced,0.5399999999999998,0,0.01912959262959263
228286,Cola,Cold Drinks & Juices,Bhattacharyya PLC,2024-07,2024-08,2024-10,895.4000000000001,5,193.0,0,37,6625.96,2.3125,0.9032042626683426,0.6875,179.08,255.83,30.0,0.30000390884571787,180,Random Forest Balanced,0.5399999999999998,0,0.016551636460721067
365132,Instant Noodles,Instant & Frozen Food,Dar-Kumar,2024-07,2024-08,2024-10,2293.7999999999997,10,127.0,0,22,5046.36,1.375,1.1537458457494103,0.5,229.38,382.3,40.0,0.4,180,Random Forest Balanced,0.5399999999999998,0,0.014443950265868073
196719,Bananas,Fruits & Vegetables,Yogi Group,2024-07,2024-08,2024-10,1522.5,7,161.0,0,20,4350.0,1.25,1.0327955589886444,0.5625,217.5,290.0,25.0,0.25,3,Random Forest Balanced,0.5399999999999998,0,0.01411829811871451
930284,Baby Food,Baby Care,"Garg, Saraf and Dutta",2024-07,2024-08,2024-10,947.3499999999999,5,189.0,0,23,4357.8099999999995,1.4375,1.3191431409589347,0.5,189.47,270.67,30.0,0.29999630546421846,365,Random Forest Balanced,0.5399999999999998,0,0.014087935988506665
863930,Shampoo,Personal Care,"Sathe, Agarwal and Dhar",2024-07,2024-08,2024-10,2425.7,10,120.0,0,20,4851.4,1.25,1.3226236552146395,0.4375,242.57,373.18,35.0,0.3499919609839756,365,Random Forest Balanced,0.5399999999999998,0,0.012909087437754603
937542,Wheat Flour,Grocery & Staples,Khurana and Sons,2024-07,2024-08,2024-10,679.28,7,209.0,0,33,3202.32,2.0625,1.0394130810735576,0.625,97.04,114.16,15.0,0.1499649614576033,365,Random Forest Balanced,0.5399999999999998,0,0.011791208791208792
448752,Toilet Cleaner,Household Care,Batta-Doctor,2024-07,2024-08,2024-10,0.0,0,262.0,0,38,6082.66,2.375,0.9079519432778033,0.6875,160.07,213.43,25.0,0.2500117134423465,365,Random Forest Balanced,0.5399999999999998,0,0.010875742408276655
9436,Toothpaste,Personal Care,Naidu PLC,2024-07,2024-08,2024-10,619.01,7,213.0,0,35,3095.05,2.1875,1.0319521161701386,0.5625,88.43,136.05,35.0,0.3500183755972069,365,Random Forest Balanced,0.5399999999999998,0,0.010065087582657565
144124,Detergent,Household Care,Lalla-Srinivasan,2024-07,2024-08,2024-10,488.01,3,219.0,0,39,6344.13,2.4375,1.1207210978172502,0.75,162.67,216.89,25.0,0.24998847341970584,365,Random Forest Balanced,0.5399999999999998,0,0.00965909090909091
243235,Cat Food,Pet Care,Batta Inc,2024-07,2024-08,2024-10,1308.3600000000001,12,172.0,0,35,3816.0500000000006,2.1875,1.0586090218888604,0.625,109.03,167.74,35.0,0.35000596160724934,365,Random Forest Balanced,0.5399999999999998,0,0.008706909528827337
952124,Onions,Fruits & Vegetables,"Wali, Sood and Bala",2024-07,2024-08,2024-10,508.32,4,218.0,0,32,4066.56,2.0,1.2110601416389966,0.6875,127.08,169.44,25.0,0.25,3,Random Forest Balanced,0.5399999999999998,0,0.008522727272727272
53833,Rice,Grocery & Staples,Tella-Master,2024-07,2024-08,2024-10,134.69,1,244.0,0,32,4310.08,2.0,0.9831920802501751,0.625,134.69,158.46,15.0,0.15000631074088103,365,Random Forest Balanced,0.5399999999999998,0,0.008521978021978023
272170,Ice Cream,Instant & Frozen Food,Purohit Group,2024-07,2024-08,2024-10,844.8000000000001,6,200.0,0,22,3097.6000000000004,1.375,1.0242244932983082,0.5625,140.8,234.67,40.0,0.4000085226062129,180,Random Forest Balanced,0.5399999999999998,0,0.00851219574587826
187399,Frozen Pizza,Instant & Frozen Food,Chauhan Inc,2024-07,2024-08,2024-10,374.43,7,227.0,0,25,1337.25,1.5625,1.044298807813166,0.625,53.49,89.15,40.0,0.4,180,Random Forest Balanced,0.5399999999999998,0,0.008279103958438646
566052,Pain Reliever,Pharmacy,"Apte, Soman and Raju",2024-07,2024-08,2024-10,436.5,5,222.0,0,26,2269.7999999999997,1.625,0.8062869336218891,0.6875,87.3,109.12,20.0,0.19996334310850447,365,Random Forest Balanced,0.5399999999999998,0,0.007648053700685279
4452,Baby Wipes,Baby Care,Morar-Mistry,2024-07,2024-08,2024-10,679.52,4,208.0,0,35,5945.8,2.1875,1.1591223515446245,0.625,169.88,242.69,30.0,0.3000123614487618,365,Random Forest Balanced,0.5399999999999998,0,0.007638043071479605
131136,Salt,Grocery & Staples,Deshpande-Rama,2024-07,2024-08,2024-10,189.0,5,240.0,0,37,1398.6,2.3125,0.9032042626683426,0.75,37.8,44.47,15.0,0.14998875646503265,365,Random Forest Balanced,0.5399999999999998,0,0.007475940725940725
492958,Lotion,Personal Care,Acharya PLC,2024-07,2024-08,2024-10,252.60000000000002,3,236.0,0,21,1768.2,1.3125,0.9108400680852976,0.625,84.2,129.54,35.0,0.3500077196232823,365,Random Forest Balanced,0.5399999999999998,0,0.007287495609413418
888807,Bread,Dairy & Breakfast,Arya Group,2024-07,2024-08,2024-10,1844.64,8,146.0,0,23,5303.34,1.4375,1.2173913043478262,0.5,230.58,288.23,20.0,0.2000138778059189,7,Random Forest Balanced,0.5399999999999998,0,0.0066277472527472535
589812,Detergent,Household Care,Bir PLC,2024-07,2024-08,2024-10,815.1500000000001,5,203.0,0,41,6684.2300000000005,2.5625,0.9448819522187902,0.6875,163.03,217.37,25.0,0.24998849887288954,365,Random Forest Balanced,0.5399999999999998,0,0.006528214935749183
962591,Orange Juice,Cold Drinks & Juices,Murthy-Kaul,2024-07,2024-08,2024-10,520.04,4,217.0,0,18,2340.18,1.125,1.019965302403467,0.625,130.01,185.73,30.0,0.3000053841598019,180,Random Forest Balanced,0.5399999999999998,0,0.006295745920745921
378230,Nuts,Snacks & Munchies,Kala-Vig,2024-07,2024-08,2024-10,1997.04,12,142.0,0,29,4826.18,1.8125,1.2934175863637474,0.5625,166.42,256.03,35.0,0.349998047103855,90,Random Forest Balanced,0.5399999999999998,0,0.0062012987012987015
993331,Pulses,Grocery & Staples,"Parmer, Gola and Yogi",2024-07,2024-08,2024-10,204.88,2,239.0,0,21,2151.24,1.3125,1.203672887564139,0.5,102.44,120.52,15.0,0.15001659475605708,365,Random Forest Balanced,0.5399999999999998,0,0.006068181818181818
818522,Cheese,Dairy & Breakfast,Hora-Roy,2024-07,2024-08,2024-10,1345.26,14,170.0,0,24,2306.16,1.5,1.5587269259333496,0.375,96.09,120.11,20.0,0.19998334859711928,7,Random Forest Balanced,0.5399999999999998,0,0.005138888888888888
697683,Toilet Cleaner,Household Care,"Murty, Varghese and Saxena",2024-07,2024-08,2024-10,0.0,0,261.0,0,36,4454.639999999999,2.25,1.0579893968211629,0.625,123.74,164.99,25.0,0.2500151524334809,365,Random Forest Balanced,0.5399999999999998,0,0.004951923076923076
654297,Potatoes,Fruits & Vegetables,Chandran-Dass,2024-07,2024-08,2024-10,53.0,4,249.0,0,32,424.0,2.0,1.0954451150103321,0.625,13.25,17.67,25.0,0.2501414827391059,3,Random Forest Balanced,0.5399999999999998,0,0.004761904761904762
473647,Toothpaste,Personal Care,Ben-Ravi,2024-07,2024-08,2024-10,172.2,4,242.0,0,25,1076.25,1.5625,0.933866514372727,0.625,43.05,66.23,35.0,0.34999245055110983,365,Random Forest Balanced,0.5399999999999998,0,0.004666666666666667
33955,Frozen Pizza,Instant & Frozen Food,Baral Group,2024-07,2024-08,2024-10,1488.6399999999999,8,162.0,0,25,4652.0,1.5625,1.44,0.4375,186.08,310.13,40.0,0.3999935510914777,180,Random Forest Balanced,0.5399999999999998,0,0.004510689082606891
300159,Cola,Cold Drinks & Juices,"Basu, Rout and Mistry",2024-07,2024-08,2024-10,133.05,3,245.0,0,16,709.6,1.0,1.1547005383792515,0.5,44.35,63.36,30.0,0.30003156565656564,180,Random Forest Balanced,0.5399999999999998,0,0.004114219114219115
771228,Pet Treats,Pet Care,Raja and Sons,2024-07,2024-08,2024-10,831.8000000000001,10,201.0,0,31,2578.5800000000004,1.9375,1.0738915911287563,0.5625,83.18,127.97,35.0,0.3500039071657419,365,Random Forest Balanced,0.5399999999999998,0,0.004026626044196026
658389,Popcorn,Snacks & Munchies,"Chanda, Som and Vohra",2024-07,2024-08,2024-10,610.2,4,214.0,0,25,3813.7500000000005,1.5625,0.933866514372727,0.6875,152.55,234.69,35.0,0.3499936085900549,90,Random Forest Balanced,0.5399999999999998,0,0.003833333333333334
298985,Vitamins,Pharmacy,"Ramanathan, Joshi and Srinivasan",2024-07,2024-08,2024-10,2388.88,13,124.0,0,25,4594.0,1.5625,1.2793331596317408,0.625,183.76,229.7,20.0,0.2,365,Random Forest Balanced,0.5399999999999998,0,0.0037839366515837105
455755,Detergent,Household Care,Mangal-Sathe,2024-07,2024-08,2024-10,264.54,6,235.0,0,31,1366.7900000000002,1.9375,1.1224076000602055,0.5,44.09,58.79,25.0,0.25004252423881607,365,Random Forest Balanced,0.5399999999999998,0,0.0036025641025641026
131748,Dog Food,Pet Care,"Shroff, Wason and Dugar",2024-07,2024-08,2024-10,406.75,5,223.0,0,44,3579.3999999999996,2.75,0.952884557916778,0.8125,81.35,125.15,35.0,0.34998002397123457,365,Random Forest Balanced,0.5399999999999998,0,0.0033730158730158727
217710,Eggs,Dairy & Breakfast,Rout-Sarna,2024-07,2024-08,2024-10,234.36,4,238.0,0,27,1581.93,1.6875,1.0313778567980652,0.625,58.59,73.24,20.0,0.20002730748225003,7,Random Forest Balanced,0.5399999999999998,0,0.0033333333333333335
760684,Rice,Grocery & Staples,Kanda-Gupta,2024-07,2024-08,2024-10,358.0,5,228.0,0,32,2291.2,2.0,1.140175425099138,0.5625,71.6,84.24,15.0,0.15004748338081672,365,Random Forest Balanced,0.5399999999999998,0,0.0032142857142857147
677542,Toilet Cleaner,Household Care,Thaman-Lanka,2024-07,2024-08,2024-10,2126.1000000000004,10,138.0,0,22,4677.42,1.375,1.376705053527339,0.5,212.61,283.48,25.0,0.25,365,Random Forest Balanced,0.5399999999999998,0,0.0025
700048,Dish Soap,Household Care,Khalsa-Bhavsar,2024-07,2024-08,2024-10,1271.52,9,173.0,0,30,4238.400000000001,1.875,1.0281951104655114,0.75,141.28,188.37,25.0,0.24998672824759782,365,Random Forest Balanced,0.5399999999999998,0,0.002142857142857143
689769,Frozen Vegetables,Instant & Frozen Food,Kothari-Datta,2024-07,2024-08,2024-10,326.34,7,229.0,0,44,2051.2799999999997,2.75,1.15374584574941,0.6875,46.62,77.7,40.0,0.4000000000000001,180,Random Forest Balanced,0.5399999999999998,0,0.0019349315068493149
563740,Chips,Snacks & Munchies,Mann-Kapadia,2024-07,2024-08,2024-10,288.99,3,233.0,0,34,3275.22,2.125,0.7465414296025595,0.8125,96.33,148.2,35.0,0.35,90,Random Forest Balanced,0.5399999999999998,0,0.0019047619047619048
652118,Frozen Biryani,Instant & Frozen Food,Agate and Sons,2024-07,2024-08,2024-10,110.2,5,247.0,0,29,639.16,1.8125,1.1256389386539678,0.5625,22.04,36.73,40.0,0.39994554859787634,180,Random Forest Balanced,0.5399999999999998,0,0.0015182648401826486
709916,Detergent,Household Care,Varkey LLC,2024-07,2024-08,2024-10,236.32,7,237.0,0,27,911.52,1.6875,1.1184939904104814,0.5625,33.76,45.01,25.0,0.2499444567873806,365,Random Forest Balanced,0.5399999999999998,0,0.00125
133542,Detergent,Household Care,Edwin-Lall,2024-07,2024-08,2024-10,273.96,4,234.0,0,13,890.3699999999999,0.8125,1.5709392409063214,0.375,68.49,91.32,25.0,0.25,365,Random Forest Balanced,0.5399999999999998,0,0.00125
962054,Orange Juice,Cold Drinks & Juices,Toor-Nagar,2024-07,2024-08,2024-10,50.58,3,250.0,0,25,421.5,1.5625,1.21361168968222,0.5625,16.86,24.09,30.0,0.30012453300124536,180,Random Forest Balanced,0.5399999999999998,0,0.00125
313754,Biscuits,Snacks & Munchies,"Swaminathan, Mahal and Dara",2024-07,2024-08,2024-10,1229.3999999999999,9,175.0,0,37,5054.2,2.3125,1.1021372865892807,0.625,136.6,210.15,35.0,0.3499881037354271,90,Random Forest Balanced,0.5399999999999998,0,0.001217948717948718
490939,Lotion,Personal Care,"Roy, Barad and De",2024-07,2024-08,2024-10,882.75,11,195.0,0,21,1685.25,1.3125,1.3549271804783802,0.5625,80.25,123.46,35.0,0.3499919002105945,365,Random Forest Balanced,0.5399999999999998,0,0.0011111111111111111
449106,Soap,Personal Care,"Shere, Thakur and Naik",2024-07,2024-08,2024-10,388.4,8,225.0,0,26,1262.3,1.625,1.1430261920619516,0.5625,48.55,74.69,35.0,0.3499799169902263,365,Random Forest Balanced,0.5399999999999998,0,0.0011111111111111111
118820,Iced Tea,Cold Drinks & Juices,"Warrior, Ravel and Amble",2024-07,2024-08,2024-10,36.96,3,251.0,0,27,332.64,1.6875,1.0313778567980652,0.625,12.32,17.6,30.0,0.30000000000000004,180,Random Forest Balanced,0.5399999999999998,0,0.0010000000000000002
757274,Pet Treats,Pet Care,"Minhas, Kapoor and Sethi",2024-07,2024-08,2024-10,1376.48,14,169.0,0,22,2163.04,1.375,0.9891978551807594,0.6875,98.32,151.26,35.0,0.3499933888668518,365,Random Forest Balanced,0.5399999999999998,0,0.001
240179,Cough Syrup,Pharmacy,Ram-Suri,2024-07,2024-08,2024-10,181.12,2,241.0,0,38,3441.28,2.375,1.321461459071597,0.6875,90.56,113.2,20.0,0.2,365,Random Forest Balanced,0.5399999999999998,0,0.0008333333333333334
704868,Detergent,Household Care,"Parikh, Oak and Kara",2024-07,2024-08,2024-10,2321.52,12,126.0,0,24,4643.04,1.5,1.0886621079036347,0.625,193.46,257.95,25.0,0.2500096918007365,365,Random Forest Balanced,0.5399999999999998,0,0.0007692307692307692
11422,Potatoes,Fruits & Vegetables,Ramaswamy-Tata,2024-07,2024-08,2024-10,127.16,1,246.0,0,24,3051.84,1.5,1.2171612389003692,0.625,127.16,169.55,25.0,0.25001474491300507,3,Random Forest Balanced,0.5399999999999998,0,0.0
818990,Tomatoes,Fruits & Vegetables,Dugar Group,2024-07,2024-08,2024-10,817.75,5,202.0,0,22,3598.1000000000004,1.375,1.122767144427579,0.5625,163.55,218.07,25.0,0.25001146420874026,3,Random Forest Balanced,0.5399999999999998,0,0.0
767398,Dish Soap,Household Care,"Arya, Sundaram and Pingle",2024-07,2024-08,2024-10,88.56,4,248.0,0,30,664.2,1.875,0.9515679069207207,0.625,22.14,29.52,25.0,0.24999999999999997,365,Random Forest Balanced,0.5399999999999998,0,0.0
968887,Dish Soap,Household Care,Keer-Gill,2024-07,2024-08,2024-10,447.70000000000005,11,221.0,0,28,1139.6,1.75,1.1710800875382399,0.5625,40.7,54.27,25.0,0.25004606596646395,365,Random Forest Balanced,0.5399999999999998,0,0.0
94225,Toilet Cleaner,Household Care,"Gulati, Ram and Sarkar",2024-07,2024-08,2024-10,462.65999999999997,6,220.0,0,43,3315.73,2.6875,0.9085853355962628,0.6875,77.11,102.81,25.0,0.24997568329928999,365,Random Forest Balanced,0.5399999999999998,0,0.0
124290,Lotion,Personal Care,Sachdev Group,2024-07,2024-08,2024-10,158.6,4,243.0,0,39,1546.35,2.4375,0.9470764269541397,0.6875,39.65,61.0,35.0,0.35000000000000003,365,Random Forest Balanced,0.5399999999999998,0,0.0
