product_id,product_name,category,brand,cutoff_month,target_start_month,target_end_month,future_3m_revenue,future_3m_quantity,high_future_performance,predicted_high_performance,probability_high_performance
123983,Cough Syrup,Pharmacy,Kurian-Chhabra,2024-06,2024-07,2024-09,11785.05,15,1,1,0.8869223203417107
557908,Vitamins,Pharmacy,Sundaram Inc,2024-07,2024-08,2024-10,10366.070000000002,11,1,1,0.8746830982104941
264803,Vitamins,Pharmacy,Gole-Doshi,2024-06,2024-07,2024-09,9959.8,10,1,1,0.8703823952606581
123983,Cough Syrup,Pharmacy,Kurian-Chhabra,2024-07,2024-08,2024-10,3928.35,5,1,1,0.8697997062745164
123983,Cough Syrup,Pharmacy,Kurian-Chhabra,2024-08,2024-09,2024-11,2357.0099999999998,3,0,1,0.8694735750267201
557908,Vitamins,Pharmacy,Sundaram Inc,2024-06,2024-07,2024-09,7538.960000000001,8,1,1,0.8691465050485228
557908,Vitamins,Pharmacy,Sundaram Inc,2024-08,2024-09,2024-11,7538.960000000001,8,1,1,0.8681584548297252
264803,Vitamins,Pharmacy,Gole-Doshi,2024-07,2024-08,2024-10,9959.8,10,1,1,0.8541569323601483
367391,Baby Wipes,Baby Care,Talwar and Sons,2024-07,2024-08,2024-10,4697.75,5,1,1,0.8478209553194866
264803,Vitamins,Pharmacy,Gole-Doshi,2024-08,2024-09,2024-11,7967.84,8,1,1,0.8478026477652826
366066,Soap,Personal Care,Mandal LLC,2024-06,2024-07,2024-09,7348.64,8,1,1,0.8411886304229022
367391,Baby Wipes,Baby Care,Talwar and Sons,2024-06,2024-07,2024-09,3758.2,4,0,1,0.8364898164583826
366066,Soap,Personal Care,Mandal LLC,2024-08,2024-09,2024-11,6430.06,7,1,1,0.831459261638627
366066,Soap,Personal Care,Mandal LLC,2024-07,2024-08,2024-10,6430.06,7,1,1,0.8301759581807069
679284,Cough Syrup,Pharmacy,Pant LLC,2024-07,2024-08,2024-10,6145.23,7,1,1,0.8267785752371251
673058,Cough Syrup,Pharmacy,Balan-Madan,2024-06,2024-07,2024-09,9189.119999999999,12,1,1,0.8232835682239015
679284,Cough Syrup,Pharmacy,Pant LLC,2024-06,2024-07,2024-09,3511.56,4,0,1,0.8189883651640829
679284,Cough Syrup,Pharmacy,Pant LLC,2024-08,2024-09,2024-11,2633.67,3,0,1,0.8187965548111603
367391,Baby Wipes,Baby Care,Talwar and Sons,2024-08,2024-09,2024-11,1879.1,2,0,1,0.8172293258768726
673058,Cough Syrup,Pharmacy,Balan-Madan,2024-07,2024-08,2024-10,6891.84,9,1,1,0.8164377830962641
51036,Baby Food,Baby Care,Karnik PLC,2024-06,2024-07,2024-09,3726.44,4,0,1,0.8135699997434858
222892,Tomatoes,Fruits & Vegetables,Ramakrishnan-Ghose,2024-06,2024-07,2024-09,6084.54,7,1,1,0.810179224147915
365133,Dish Soap,Household Care,Hans Inc,2024-06,2024-07,2024-09,3661.8,4,0,1,0.8034754562493497
673058,Cough Syrup,Pharmacy,Balan-Madan,2024-08,2024-09,2024-11,3828.7999999999997,5,1,1,0.8024208899630978
51036,Baby Food,Baby Care,Karnik PLC,2024-07,2024-08,2024-10,5589.66,6,1,1,0.8023855502679377
186168,Dog Food,Pet Care,"Parekh, Lad and Kadakia",2024-06,2024-07,2024-09,4394.0,5,1,1,0.8015664230356461
82484,Baby Food,Baby Care,Mallick PLC,2024-06,2024-07,2024-09,2744.64,3,0,1,0.8007844532626848
444361,Pain Reliever,Pharmacy,"Prakash, Bawa and Kale",2024-07,2024-08,2024-10,4935.78,6,1,1,0.800595865026087
853932,Baby Wipes,Baby Care,Ranganathan-Peri,2024-06,2024-07,2024-09,3764.76,4,0,1,0.8004438837537821
222892,Tomatoes,Fruits & Vegetables,Ramakrishnan-Ghose,2024-08,2024-09,2024-11,2607.66,3,0,1,0.7984761029579216
883013,Eggs,Dairy & Breakfast,Chahal Group,2024-06,2024-07,2024-09,4949.4,5,1,1,0.7983840288006335
444361,Pain Reliever,Pharmacy,"Prakash, Bawa and Kale",2024-08,2024-09,2024-11,4935.780000000001,6,1,1,0.7979458924487005
222892,Tomatoes,Fruits & Vegetables,Ramakrishnan-Ghose,2024-07,2024-08,2024-10,3476.88,4,0,1,0.797770702015306
444361,Pain Reliever,Pharmacy,"Prakash, Bawa and Kale",2024-06,2024-07,2024-09,1645.26,2,0,1,0.7960871155342997
871592,Carrots,Fruits & Vegetables,"Shankar, Nadkarni and Kumer",2024-06,2024-07,2024-09,1740.58,2,0,1,0.7953545637091541
171602,Cola,Cold Drinks & Juices,Pal-Sehgal,2024-07,2024-08,2024-10,2650.32,3,0,1,0.7953443178881202
51036,Baby Food,Baby Care,Karnik PLC,2024-08,2024-09,2024-11,4658.05,5,1,1,0.7950017888990103
803607,Soap,Personal Care,"Kadakia, Mohan and Sathe",2024-06,2024-07,2024-09,3798.92,4,0,1,0.7944978938108035
137909,Cough Syrup,Pharmacy,Dalal PLC,2024-08,2024-09,2024-11,864.3,1,0,1,0.7936931996637804
171602,Cola,Cold Drinks & Juices,Pal-Sehgal,2024-06,2024-07,2024-09,6184.08,7,1,1,0.7927892758985307
365133,Dish Soap,Household Care,Hans Inc,2024-08,2024-09,2024-11,915.45,1,0,1,0.7925421555684921
871592,Carrots,Fruits & Vegetables,"Shankar, Nadkarni and Kumer",2024-07,2024-08,2024-10,5221.74,6,1,1,0.7915145339792095
256783,Pet Treats,Pet Care,"Basu, Thakur and Rege",2024-06,2024-07,2024-09,4532.7,5,1,1,0.7907302534147432
853932,Baby Wipes,Baby Care,Ranganathan-Peri,2024-08,2024-09,2024-11,5647.14,6,1,1,0.7899431173714907
137909,Cough Syrup,Pharmacy,Dalal PLC,2024-07,2024-08,2024-10,2592.8999999999996,3,0,1,0.7897450369890389
897083,Detergent,Household Care,Dutta-Halder,2024-06,2024-07,2024-09,3890.76,4,1,1,0.7892832613307295
194682,Iced Tea,Cold Drinks & Juices,Sastry-Issac,2024-06,2024-07,2024-09,4561.45,5,1,1,0.7891657157533276
137909,Cough Syrup,Pharmacy,Dalal PLC,2024-06,2024-07,2024-09,5185.799999999999,6,1,1,0.7887292656475348
799459,Vitamins,Pharmacy,"Garg, Kari and Kapur",2024-08,2024-09,2024-11,1704.04,2,0,1,0.786296599658852
378676,Orange Juice,Cold Drinks & Juices,Baral-Kamdar,2024-06,2024-07,2024-09,7051.359999999999,8,1,1,0.7855871553531119
478531,Carrots,Fruits & Vegetables,Uppal Group,2024-06,2024-07,2024-09,8254.6,10,1,1,0.7855326794350712
799952,Cheese,Dairy & Breakfast,Padmanabhan-Virk,2024-07,2024-08,2024-10,6458.48,7,1,1,0.7847014157197243
871592,Carrots,Fruits & Vegetables,"Shankar, Nadkarni and Kumer",2024-08,2024-09,2024-11,5221.74,6,1,1,0.7845771595207668
365133,Dish Soap,Household Care,Hans Inc,2024-07,2024-08,2024-10,915.45,1,0,1,0.784515237743515
82484,Baby Food,Baby Care,Mallick PLC,2024-07,2024-08,2024-10,2744.64,3,0,1,0.7842467007257964
799952,Cheese,Dairy & Breakfast,Padmanabhan-Virk,2024-06,2024-07,2024-09,7381.12,8,1,1,0.7840188384952004
799459,Vitamins,Pharmacy,"Garg, Kari and Kapur",2024-07,2024-08,2024-10,1704.04,2,0,1,0.7834676526514407
455083,Butter,Dairy & Breakfast,Dutta Inc,2024-07,2024-08,2024-10,3836.04,4,0,1,0.7815823016647319
853932,Baby Wipes,Baby Care,Ranganathan-Peri,2024-07,2024-08,2024-10,5647.14,6,1,1,0.7809434232541053
114414,Vitamins,Pharmacy,Kara-Golla,2024-08,2024-09,2024-11,5824.42,7,1,1,0.7809084144460371
435929,Toilet Cleaner,Household Care,Memon Ltd,2024-06,2024-07,2024-09,5998.23,7,1,1,0.7799267376178605
587645,Vitamins,Pharmacy,"Sura, Pillay and Mammen",2024-08,2024-09,2024-11,801.81,1,0,1,0.7793818008552422
114414,Vitamins,Pharmacy,Kara-Golla,2024-07,2024-08,2024-10,5824.42,7,1,1,0.7786550677126941
256783,Pet Treats,Pet Care,"Basu, Thakur and Rege",2024-07,2024-08,2024-10,10878.48,12,1,1,0.7781171547727858
897083,Detergent,Household Care,Dutta-Halder,2024-08,2024-09,2024-11,1945.38,2,0,1,0.7776292007719403
455083,Butter,Dairy & Breakfast,Dutta Inc,2024-06,2024-07,2024-09,3836.04,4,0,1,0.7773725402979738
585299,Pet Treats,Pet Care,"Sharma, Chandra and Prashad",2024-06,2024-07,2024-09,6395.68,8,1,1,0.7772951801633862
171602,Cola,Cold Drinks & Juices,Pal-Sehgal,2024-08,2024-09,2024-11,3533.76,4,1,1,0.7766606319238468
82484,Baby Food,Baby Care,Mallick PLC,2024-08,2024-09,2024-11,1829.76,2,0,1,0.7749394729815781
799459,Vitamins,Pharmacy,"Garg, Kari and Kapur",2024-06,2024-07,2024-09,4260.1,5,1,1,0.7747377603846374
41853,Curd,Dairy & Breakfast,Handa PLC,2024-07,2024-08,2024-10,3641.76,4,0,1,0.773478888329451
799952,Cheese,Dairy & Breakfast,Padmanabhan-Virk,2024-08,2024-09,2024-11,1845.28,2,0,1,0.7733040008586252
41853,Curd,Dairy & Breakfast,Handa PLC,2024-08,2024-09,2024-11,3641.76,4,1,1,0.7726579026726811
114414,Vitamins,Pharmacy,Kara-Golla,2024-06,2024-07,2024-09,6656.48,8,1,1,0.7724080196673442
455083,Butter,Dairy & Breakfast,Dutta Inc,2024-08,2024-09,2024-11,2877.0299999999997,3,1,1,0.7714917315252248
587645,Vitamins,Pharmacy,"Sura, Pillay and Mammen",2024-07,2024-08,2024-10,2405.43,3,0,1,0.7713509262160706
525531,Dog Food,Pet Care,Sandal PLC,2024-06,2024-07,2024-09,2493.3,3,0,1,0.7712565206251729
525531,Dog Food,Pet Care,Sandal PLC,2024-07,2024-08,2024-10,2493.3,3,0,1,0.771210446946478
153019,Onions,Fruits & Vegetables,Aurora LLC,2024-07,2024-08,2024-10,6635.65,7,1,1,0.7710113942263105
378676,Orange Juice,Cold Drinks & Juices,Baral-Kamdar,2024-07,2024-08,2024-10,2644.2599999999998,3,0,1,0.7708722780250566
832348,Biscuits,Snacks & Munchies,Jani-Ram,2024-06,2024-07,2024-09,4157.15,5,1,1,0.7702851501284665
63769,Lotion,Personal Care,Dalal-Shan,2024-06,2024-07,2024-09,6146.490000000001,7,1,1,0.7697145663954155
883013,Eggs,Dairy & Breakfast,Chahal Group,2024-07,2024-08,2024-10,7919.039999999999,8,1,1,0.7693298016862945
525531,Dog Food,Pet Care,Sandal PLC,2024-08,2024-09,2024-11,2493.3,3,0,1,0.7687792729043458
585299,Pet Treats,Pet Care,"Sharma, Chandra and Prashad",2024-07,2024-08,2024-10,2398.38,3,0,1,0.7681426482437836
153019,Onions,Fruits & Vegetables,Aurora LLC,2024-08,2024-09,2024-11,4739.75,5,1,1,0.7677248875522977
186168,Dog Food,Pet Care,"Parekh, Lad and Kadakia",2024-07,2024-08,2024-10,3515.2,4,0,1,0.7670920802192
587645,Vitamins,Pharmacy,"Sura, Pillay and Mammen",2024-06,2024-07,2024-09,1603.62,2,0,1,0.767058859606219
328457,Mango Drink,Cold Drinks & Juices,Hayre-Shere,2024-06,2024-07,2024-09,4292.85,5,1,1,0.7668319034975551
153019,Onions,Fruits & Vegetables,Aurora LLC,2024-06,2024-07,2024-09,3791.8,4,0,1,0.7666820747519975
491314,Ice Cream,Instant & Frozen Food,Banerjee Inc,2024-06,2024-07,2024-09,7787.52,8,1,1,0.766377749769143
897083,Detergent,Household Care,Dutta-Halder,2024-07,2024-08,2024-10,1945.38,2,0,1,0.7658564676816181
707935,Cat Food,Pet Care,"Anne, Mammen and Khatri",2024-06,2024-07,2024-09,6567.2,8,1,1,0.7657298109774358
803607,Soap,Personal Care,"Kadakia, Mohan and Sathe",2024-08,2024-09,2024-11,949.73,1,0,1,0.765452374728069
194682,Iced Tea,Cold Drinks & Juices,Sastry-Issac,2024-07,2024-08,2024-10,2736.87,3,0,1,0.7653187817906939
491314,Ice Cream,Instant & Frozen Food,Banerjee Inc,2024-07,2024-08,2024-10,4867.200000000001,5,1,1,0.7650844071804243
385113,Lotion,Personal Care,"Sampath, Mane and Mody",2024-08,2024-09,2024-11,0.0,0,0,1,0.7646462495112586
34186,Mangoes,Fruits & Vegetables,Mandal-Kar,2024-06,2024-07,2024-09,12959.1,14,1,1,0.7621165840113022
41853,Curd,Dairy & Breakfast,Handa PLC,2024-06,2024-07,2024-09,3641.76,4,0,1,0.7619059719901718
385113,Lotion,Personal Care,"Sampath, Mane and Mody",2024-07,2024-08,2024-10,0.0,0,0,1,0.7596613242944078
552883,Potatoes,Fruits & Vegetables,"Balan, Patel and Mall",2024-07,2024-08,2024-10,5328.96,6,1,1,0.7594204015586111
714999,Bread,Dairy & Breakfast,Kala Group,2024-08,2024-09,2024-11,0.0,0,0,1,0.7592601357406766
714999,Bread,Dairy & Breakfast,Kala Group,2024-06,2024-07,2024-09,0.0,0,0,1,0.7589512369235162
714999,Bread,Dairy & Breakfast,Kala Group,2024-07,2024-08,2024-10,0.0,0,0,1,0.7587972341194402
112390,Toothpaste,Personal Care,"Kibe, Contractor and Randhawa",2024-06,2024-07,2024-09,13169.7,15,1,1,0.7569518230347452
552883,Potatoes,Fruits & Vegetables,"Balan, Patel and Mall",2024-08,2024-09,2024-11,5328.96,6,1,1,0.7566163093082497
435929,Toilet Cleaner,Household Care,Memon Ltd,2024-07,2024-08,2024-10,8568.9,10,1,1,0.7556691453324168
194682,Iced Tea,Cold Drinks & Juices,Sastry-Issac,2024-08,2024-09,2024-11,912.29,1,0,1,0.7553305854099757
336847,Toilet Cleaner,Household Care,"Dayal, Mammen and More",2024-08,2024-09,2024-11,2810.94,3,1,1,0.7552468416359066
256783,Pet Treats,Pet Care,"Basu, Thakur and Rege",2024-08,2024-09,2024-11,9971.939999999999,11,1,1,0.7548721299802021
385113,Lotion,Personal Care,"Sampath, Mane and Mody",2024-06,2024-07,2024-09,0.0,0,0,1,0.7543825969118824
516376,Onions,Fruits & Vegetables,Agarwal-Dhar,2024-06,2024-07,2024-09,1754.86,2,0,1,0.7542671304880711
18035,Dish Soap,Household Care,Ramesh Inc,2024-08,2024-09,2024-11,7751.52,8,1,1,0.7538861415405453
739534,Toilet Cleaner,Household Care,"Gera, Narang and Karpe",2024-06,2024-07,2024-09,5967.36,6,1,1,0.7529644880912583
992178,Pain Reliever,Pharmacy,Basu and Sons,2024-06,2024-07,2024-09,6956.73,11,1,1,0.7527961502940866
561860,Orange Juice,Cold Drinks & Juices,Gupta Ltd,2024-07,2024-08,2024-10,5248.68,6,1,1,0.752593981619349
803607,Soap,Personal Care,"Kadakia, Mohan and Sathe",2024-07,2024-08,2024-10,949.73,1,0,1,0.7506322331903297
491314,Ice Cream,Instant & Frozen Food,Banerjee Inc,2024-08,2024-09,2024-11,973.44,1,0,1,0.7501573417868616
478531,Carrots,Fruits & Vegetables,Uppal Group,2024-07,2024-08,2024-10,4952.76,6,1,1,0.7498715595730117
18035,Dish Soap,Household Care,Ramesh Inc,2024-06,2024-07,2024-09,3875.76,4,1,1,0.7498563581132921
992178,Pain Reliever,Pharmacy,Basu and Sons,2024-07,2024-08,2024-10,5691.869999999999,9,1,1,0.7495245936689081
18035,Dish Soap,Household Care,Ramesh Inc,2024-07,2024-08,2024-10,7751.52,8,1,1,0.7494372661122524
552883,Potatoes,Fruits & Vegetables,"Balan, Patel and Mall",2024-06,2024-07,2024-09,2664.48,3,0,1,0.7492232025134641
992178,Pain Reliever,Pharmacy,Basu and Sons,2024-08,2024-09,2024-11,4427.01,7,1,1,0.7473078634052185
561860,Orange Juice,Cold Drinks & Juices,Gupta Ltd,2024-06,2024-07,2024-09,5248.68,6,1,1,0.7468694652056711
684939,Lotion,Personal Care,"Sibal, Bhatnagar and Rajan",2024-06,2024-07,2024-09,727.95,1,0,1,0.7452942022338267
120532,Wheat Flour,Grocery & Staples,Nazareth Ltd,2024-06,2024-07,2024-09,5580.24,8,1,1,0.7452536431025539
739534,Toilet Cleaner,Household Care,"Gera, Narang and Karpe",2024-07,2024-08,2024-10,5967.36,6,1,1,0.7440327189300616
186168,Dog Food,Pet Care,"Parekh, Lad and Kadakia",2024-08,2024-09,2024-11,878.8,1,0,1,0.7437840027505319
602241,Nuts,Snacks & Munchies,Bahl-Pau,2024-08,2024-09,2024-11,5859.299999999999,6,1,1,0.7432493993127881
690565,Cookies,Snacks & Munchies,"Roy, Seth and Patla",2024-06,2024-07,2024-09,3805.08,4,0,1,0.7424525599322572
34186,Mangoes,Fruits & Vegetables,Mandal-Kar,2024-07,2024-08,2024-10,8330.85,9,1,1,0.7422879673512491
883013,Eggs,Dairy & Breakfast,Chahal Group,2024-08,2024-09,2024-11,4949.4,5,1,1,0.7420518016985788
561860,Orange Juice,Cold Drinks & Juices,Gupta Ltd,2024-08,2024-09,2024-11,2624.34,3,0,1,0.7417877791447812
328457,Mango Drink,Cold Drinks & Juices,Hayre-Shere,2024-07,2024-08,2024-10,2575.71,3,0,1,0.7415334648585953
336847,Toilet Cleaner,Household Care,"Dayal, Mammen and More",2024-06,2024-07,2024-09,5621.88,6,1,1,0.7399823091104548
120532,Wheat Flour,Grocery & Staples,Nazareth Ltd,2024-07,2024-08,2024-10,6975.3,10,1,1,0.7396029975841547
435929,Toilet Cleaner,Household Care,Memon Ltd,2024-08,2024-09,2024-11,9425.79,11,1,1,0.7389964825781896
602241,Nuts,Snacks & Munchies,Bahl-Pau,2024-06,2024-07,2024-09,976.55,1,0,1,0.7384745940635795
336847,Toilet Cleaner,Household Care,"Dayal, Mammen and More",2024-07,2024-08,2024-10,2810.94,3,0,1,0.7372694942526994
684939,Lotion,Personal Care,"Sibal, Bhatnagar and Rajan",2024-08,2024-09,2024-11,0.0,0,0,1,0.7367472037100992
327290,Sugar,Grocery & Staples,Nadkarni Inc,2024-08,2024-09,2024-11,5173.68,6,1,1,0.7366958617325455
146840,Bread,Dairy & Breakfast,"Bains, Deol and Vaidya",2024-06,2024-07,2024-09,6294.8,8,1,1,0.7365705189162097
327290,Sugar,Grocery & Staples,Nadkarni Inc,2024-06,2024-07,2024-09,4311.4,5,1,1,0.7363447611386014
726958,Cat Food,Pet Care,Doctor-Patla,2024-08,2024-09,2024-11,1774.96,2,0,1,0.7358520035935234
146840,Bread,Dairy & Breakfast,"Bains, Deol and Vaidya",2024-08,2024-09,2024-11,1573.7,2,0,1,0.7356197338700808
34186,Mangoes,Fruits & Vegetables,Mandal-Kar,2024-08,2024-09,2024-11,4628.25,5,1,1,0.7356029563935258
305754,Frozen Vegetables,Instant & Frozen Food,Mammen-Hegde,2024-06,2024-07,2024-09,10779.89,11,1,1,0.7354571718780867
120532,Wheat Flour,Grocery & Staples,Nazareth Ltd,2024-08,2024-09,2024-11,2790.12,4,1,1,0.7344651390385999
880510,Bread,Dairy & Breakfast,Roy-Char,2024-07,2024-08,2024-10,16174.31,17,1,1,0.7334034047953775
478531,Carrots,Fruits & Vegetables,Uppal Group,2024-08,2024-09,2024-11,2476.38,3,0,1,0.7323303250183915
432617,Baby Wipes,Baby Care,Dora-Pillai,2024-07,2024-08,2024-10,12084.52,14,1,1,0.7322268954706943
832348,Biscuits,Snacks & Munchies,Jani-Ram,2024-07,2024-08,2024-10,2494.29,3,0,1,0.7306963890273133
602241,Nuts,Snacks & Munchies,Bahl-Pau,2024-07,2024-08,2024-10,5859.299999999999,6,1,1,0.7305670928018079
136533,Eggs,Dairy & Breakfast,"Raghavan, Magar and Shanker",2024-07,2024-08,2024-10,2478.63,3,0,1,0.7302622202598419
146840,Bread,Dairy & Breakfast,"Bains, Deol and Vaidya",2024-07,2024-08,2024-10,1573.7,2,0,1,0.7301161185499994
880510,Bread,Dairy & Breakfast,Roy-Char,2024-06,2024-07,2024-09,4757.15,5,1,1,0.7294462014796645
585299,Pet Treats,Pet Care,"Sharma, Chandra and Prashad",2024-08,2024-09,2024-11,0.0,0,0,1,0.7289929549744105
136533,Eggs,Dairy & Breakfast,"Raghavan, Magar and Shanker",2024-08,2024-09,2024-11,826.21,1,0,1,0.7288605974374074
112390,Toothpaste,Personal Care,"Kibe, Contractor and Randhawa",2024-07,2024-08,2024-10,10535.76,12,1,1,0.7282944521771074
684939,Lotion,Personal Care,"Sibal, Bhatnagar and Rajan",2024-07,2024-08,2024-10,0.0,0,0,1,0.7282116778671297
378676,Orange Juice,Cold Drinks & Juices,Baral-Kamdar,2024-08,2024-09,2024-11,0.0,0,0,1,0.7280036070584607
679321,Cola,Cold Drinks & Juices,Khurana-Dewan,2024-07,2024-08,2024-10,5169.22,7,1,1,0.7276708616328825
516376,Onions,Fruits & Vegetables,Agarwal-Dhar,2024-08,2024-09,2024-11,877.43,1,0,1,0.7274608839597533
349294,Onions,Fruits & Vegetables,Ganesan Ltd,2024-07,2024-08,2024-10,9347.5,10,1,1,0.7271341889080918
707935,Cat Food,Pet Care,"Anne, Mammen and Khatri",2024-08,2024-09,2024-11,8209.0,10,1,1,0.7253402822636229
739534,Toilet Cleaner,Household Care,"Gera, Narang and Karpe",2024-08,2024-09,2024-11,3978.24,4,1,1,0.7252431400118198
39154,Mangoes,Fruits & Vegetables,"Suresh, Bose and Bajwa",2024-07,2024-08,2024-10,3787.44,4,0,1,0.7242671011104529
432617,Baby Wipes,Baby Care,Dora-Pillai,2024-06,2024-07,2024-09,9494.98,11,1,1,0.7241592256385946
726958,Cat Food,Pet Care,Doctor-Patla,2024-07,2024-08,2024-10,1774.96,2,0,1,0.7240366974537426
327290,Sugar,Grocery & Staples,Nadkarni Inc,2024-07,2024-08,2024-10,5173.68,6,1,1,0.7239793404665215
690565,Cookies,Snacks & Munchies,"Roy, Seth and Patla",2024-08,2024-09,2024-11,2853.81,3,1,1,0.7234809969726275
349294,Onions,Fruits & Vegetables,Ganesan Ltd,2024-06,2024-07,2024-09,6543.25,7,1,1,0.7232446774017433
880510,Bread,Dairy & Breakfast,Roy-Char,2024-08,2024-09,2024-11,11417.16,12,1,1,0.7226871557867528
679321,Cola,Cold Drinks & Juices,Khurana-Dewan,2024-06,2024-07,2024-09,4430.76,6,1,1,0.7224906078754019
432617,Baby Wipes,Baby Care,Dora-Pillai,2024-08,2024-09,2024-11,6905.44,8,1,1,0.7223839914842031
63769,Lotion,Personal Care,Dalal-Shan,2024-07,2024-08,2024-10,4390.35,5,1,1,0.7199564915550674
349294,Onions,Fruits & Vegetables,Ganesan Ltd,2024-08,2024-09,2024-11,7478.0,8,1,1,0.7147351436576331
516376,Onions,Fruits & Vegetables,Agarwal-Dhar,2024-07,2024-08,2024-10,877.43,1,0,1,0.7139732842371845
707935,Cat Food,Pet Care,"Anne, Mammen and Khatri",2024-07,2024-08,2024-10,6567.2,8,1,1,0.7136684866819799
39154,Mangoes,Fruits & Vegetables,"Suresh, Bose and Bajwa",2024-06,2024-07,2024-09,3787.44,4,0,1,0.7136568249642296
537274,Pet Treats,Pet Care,Lal-Chauhan,2024-08,2024-09,2024-11,4216.26,6,1,1,0.7128123262541518
690565,Cookies,Snacks & Munchies,"Roy, Seth and Patla",2024-07,2024-08,2024-10,2853.81,3,0,1,0.712246825390209
726958,Cat Food,Pet Care,Doctor-Patla,2024-06,2024-07,2024-09,0.0,0,0,1,0.7101205671721017
741341,Eggs,Dairy & Breakfast,Prasad LLC,2024-08,2024-09,2024-11,2771.52,3,0,1,0.7090827228311843
741341,Eggs,Dairy & Breakfast,Prasad LLC,2024-07,2024-08,2024-10,2771.52,3,0,1,0.7090399333664257
305754,Frozen Vegetables,Instant & Frozen Food,Mammen-Hegde,2024-07,2024-08,2024-10,8819.91,9,1,1,0.7072314620913678
328457,Mango Drink,Cold Drinks & Juices,Hayre-Shere,2024-08,2024-09,2024-11,0.0,0,0,1,0.7066152023332893
537274,Pet Treats,Pet Care,Lal-Chauhan,2024-07,2024-08,2024-10,4216.26,6,1,1,0.7044691144596832
136533,Eggs,Dairy & Breakfast,"Raghavan, Magar and Shanker",2024-06,2024-07,2024-09,1652.42,2,0,1,0.7040317335768475
470449,Frozen Biryani,Instant & Frozen Food,Kohli-Sawhney,2024-07,2024-08,2024-10,4138.85,5,1,1,0.7028575421930744
112390,Toothpaste,Personal Care,"Kibe, Contractor and Randhawa",2024-08,2024-09,2024-11,9657.779999999999,11,1,1,0.7015738684258415
39154,Mangoes,Fruits & Vegetables,"Suresh, Bose and Bajwa",2024-08,2024-09,2024-11,946.86,1,0,1,0.7000503800250576
951463,Pet Treats,Pet Care,Balakrishnan-Kaur,2024-06,2024-07,2024-09,3149.6,4,0,1,0.6968983026018322
470449,Frozen Biryani,Instant & Frozen Food,Kohli-Sawhney,2024-08,2024-09,2024-11,4138.85,5,1,1,0.6953793059544462
723678,Dog Food,Pet Care,"Lall, Datta and Swamy",2024-06,2024-07,2024-09,6754.6,10,1,1,0.6926136453983395
851978,Vitamins,Pharmacy,Parsa-Bala,2024-08,2024-09,2024-11,1431.44,2,0,1,0.6922727996692716
63769,Lotion,Personal Care,Dalal-Shan,2024-08,2024-09,2024-11,1756.14,2,0,1,0.6910631174435644
739448,Dish Soap,Household Care,Mand-Choudhry,2024-07,2024-08,2024-10,6800.94,9,1,1,0.6903514112244354
487931,Sugar,Grocery & Staples,"Bahl, Jaggi and Nath",2024-06,2024-07,2024-09,2836.32,4,0,1,0.6898144774456358
945635,Pulses,Grocery & Staples,Balasubramanian PLC,2024-07,2024-08,2024-10,3115.6,4,0,1,0.6895028753750607
739448,Dish Soap,Household Care,Mand-Choudhry,2024-08,2024-09,2024-11,5289.62,7,1,1,0.6892035988646658
470449,Frozen Biryani,Instant & Frozen Food,Kohli-Sawhney,2024-06,2024-07,2024-09,2483.31,3,0,1,0.6891529280037006
600767,Toothpaste,Personal Care,Balan Group,2024-06,2024-07,2024-09,1444.84,2,0,1,0.689128763307054
537274,Pet Treats,Pet Care,Lal-Chauhan,2024-06,2024-07,2024-09,702.71,1,0,1,0.6877627058004558
741341,Eggs,Dairy & Breakfast,Prasad LLC,2024-06,2024-07,2024-09,5543.04,6,1,1,0.6866801639593931
945635,Pulses,Grocery & Staples,Balasubramanian PLC,2024-06,2024-07,2024-09,3115.6,4,0,1,0.6853007921583795
851978,Vitamins,Pharmacy,Parsa-Bala,2024-07,2024-08,2024-10,4294.32,6,1,1,0.685127330654024
851978,Vitamins,Pharmacy,Parsa-Bala,2024-06,2024-07,2024-09,4294.32,6,1,1,0.6846313530332199
361361,Biscuits,Snacks & Munchies,"Kunda, Dave and Sahni",2024-08,2024-09,2024-11,4131.05,5,1,1,0.6846030604555312
739448,Dish Soap,Household Care,Mand-Choudhry,2024-06,2024-07,2024-09,7556.6,10,1,1,0.6845053538415273
679321,Cola,Cold Drinks & Juices,Khurana-Dewan,2024-08,2024-09,2024-11,738.46,1,0,1,0.6845015458441549
832348,Biscuits,Snacks & Munchies,Jani-Ram,2024-08,2024-09,2024-11,831.43,1,0,1,0.684088478681112
945635,Pulses,Grocery & Staples,Balasubramanian PLC,2024-08,2024-09,2024-11,0.0,0,0,1,0.6823305455325618
942001,Cat Food,Pet Care,Acharya Ltd,2024-08,2024-09,2024-11,4029.2999999999997,6,1,1,0.681218423733147
661577,Cat Food,Pet Care,Majumdar PLC,2024-07,2024-08,2024-10,6488.55,9,1,1,0.6807379773580262
672059,Toothpaste,Personal Care,Kaur-Gola,2024-06,2024-07,2024-09,7400.030000000001,11,1,1,0.6788344806833007
600767,Toothpaste,Personal Care,Balan Group,2024-08,2024-09,2024-11,0.0,0,0,1,0.6782533226470594
951463,Pet Treats,Pet Care,Balakrishnan-Kaur,2024-07,2024-08,2024-10,1574.8,2,0,1,0.6773142569480337
487931,Sugar,Grocery & Staples,"Bahl, Jaggi and Nath",2024-07,2024-08,2024-10,1418.16,2,0,1,0.6767002714639897
942001,Cat Food,Pet Care,Acharya Ltd,2024-07,2024-08,2024-10,4029.2999999999997,6,1,1,0.6765540828077365
487931,Sugar,Grocery & Staples,"Bahl, Jaggi and Nath",2024-08,2024-09,2024-11,2836.32,4,1,1,0.6748457479552155
361361,Biscuits,Snacks & Munchies,"Kunda, Dave and Sahni",2024-07,2024-08,2024-10,4131.05,5,1,1,0.6741069847832768
723678,Dog Food,Pet Care,"Lall, Datta and Swamy",2024-07,2024-08,2024-10,7430.06,11,1,1,0.6733643462622355
600767,Toothpaste,Personal Care,Balan Group,2024-07,2024-08,2024-10,0.0,0,0,1,0.6716552060602694
672059,Toothpaste,Personal Care,Kaur-Gola,2024-07,2024-08,2024-10,3363.65,5,0,1,0.6700715378900731
847349,Potatoes,Fruits & Vegetables,Chhabra-Agrawal,2024-08,2024-09,2024-11,1562.16,2,0,1,0.6691818669507494
661577,Cat Food,Pet Care,Majumdar PLC,2024-08,2024-09,2024-11,5046.650000000001,7,1,1,0.6689292823522822
183929,Bread,Dairy & Breakfast,"Nagi, Sampath and Khurana",2024-08,2024-09,2024-11,2216.2200000000003,3,0,1,0.6680774248321868
305754,Frozen Vegetables,Instant & Frozen Food,Mammen-Hegde,2024-08,2024-09,2024-11,3919.96,4,1,1,0.6667434964882867
382511,Butter,Dairy & Breakfast,Bora-Thakkar,2024-06,2024-07,2024-09,4917.78,7,1,1,0.6658450606970436
942001,Cat Food,Pet Care,Acharya Ltd,2024-06,2024-07,2024-09,0.0,0,0,1,0.6649519923937874
291238,Chocolates,Snacks & Munchies,"Sinha, Pau and Chhabra",2024-06,2024-07,2024-09,5968.24,8,1,1,0.6648388775255512
451812,Pain Reliever,Pharmacy,"Batra, Sant and Mandal",2024-07,2024-08,2024-10,0.0,0,0,1,0.6636320261197037
382511,Butter,Dairy & Breakfast,Bora-Thakkar,2024-07,2024-08,2024-10,4917.78,7,1,1,0.6625072263026184
183929,Bread,Dairy & Breakfast,"Nagi, Sampath and Khurana",2024-06,2024-07,2024-09,4432.4400000000005,6,1,1,0.6606087791545556
361361,Biscuits,Snacks & Munchies,"Kunda, Dave and Sahni",2024-06,2024-07,2024-09,2478.63,3,0,1,0.6599831453674386
60619,Iced Tea,Cold Drinks & Juices,Bhasin LLC,2024-07,2024-08,2024-10,5811.28,8,1,1,0.6598789762891781
107548,Cola,Cold Drinks & Juices,"Bhandari, Bhasin and Palan",2024-06,2024-07,2024-09,1783.2,2,0,1,0.6597976423705549
183929,Bread,Dairy & Breakfast,"Nagi, Sampath and Khurana",2024-07,2024-08,2024-10,2216.2200000000003,3,0,1,0.6582126012599503
451812,Pain Reliever,Pharmacy,"Batra, Sant and Mandal",2024-08,2024-09,2024-11,0.0,0,0,1,0.6581859997415671
107548,Cola,Cold Drinks & Juices,"Bhandari, Bhasin and Palan",2024-08,2024-09,2024-11,6241.200000000001,7,1,1,0.6577740280498764
970529,Diapers,Baby Care,"Kurian, Patla and Sanghvi",2024-07,2024-08,2024-10,5792.08,7,1,1,0.6574260121456882
451812,Pain Reliever,Pharmacy,"Batra, Sant and Mandal",2024-06,2024-07,2024-09,0.0,0,0,1,0.6564465009867946
951463,Pet Treats,Pet Care,Balakrishnan-Kaur,2024-08,2024-09,2024-11,0.0,0,0,1,0.6560179383315595
847349,Potatoes,Fruits & Vegetables,Chhabra-Agrawal,2024-06,2024-07,2024-09,3124.32,4,0,1,0.6558166574202388
60619,Iced Tea,Cold Drinks & Juices,Bhasin LLC,2024-08,2024-09,2024-11,4358.46,6,1,1,0.6538673418041125
847349,Potatoes,Fruits & Vegetables,Chhabra-Agrawal,2024-07,2024-08,2024-10,1562.16,2,0,1,0.6528696061118182
382511,Butter,Dairy & Breakfast,Bora-Thakkar,2024-08,2024-09,2024-11,2810.16,4,1,1,0.651262592351762
60619,Iced Tea,Cold Drinks & Juices,Bhasin LLC,2024-06,2024-07,2024-09,5084.87,7,1,1,0.6508562346012216
723678,Dog Food,Pet Care,"Lall, Datta and Swamy",2024-08,2024-09,2024-11,4728.22,7,1,1,0.6458642398384039
107548,Cola,Cold Drinks & Juices,"Bhandari, Bhasin and Palan",2024-07,2024-08,2024-10,6241.200000000001,7,1,1,0.6457910471577828
672059,Toothpaste,Personal Care,Kaur-Gola,2024-08,2024-09,2024-11,0.0,0,0,1,0.6439657726876304
291238,Chocolates,Snacks & Munchies,"Sinha, Pau and Chhabra",2024-07,2024-08,2024-10,5222.21,7,1,1,0.6436041301056167
140489,Soap,Personal Care,"Biswas, Kapoor and Patel",2024-06,2024-07,2024-09,3251.0,5,0,1,0.6385941516592096
661577,Cat Food,Pet Care,Majumdar PLC,2024-06,2024-07,2024-09,6488.550000000001,9,1,1,0.6382027645745542
291238,Chocolates,Snacks & Munchies,"Sinha, Pau and Chhabra",2024-08,2024-09,2024-11,3730.15,5,1,1,0.6380172798118697
140489,Soap,Personal Care,"Biswas, Kapoor and Patel",2024-07,2024-08,2024-10,3901.2,6,1,1,0.635347896397855
324809,Bread,Dairy & Breakfast,Sidhu PLC,2024-07,2024-08,2024-10,7296.0,12,1,1,0.6321418337068897
970529,Diapers,Baby Care,"Kurian, Patla and Sanghvi",2024-08,2024-09,2024-11,3309.76,4,1,1,0.6320166472339922
764014,Salt,Grocery & Staples,"Grewal, Swamy and Dayal",2024-06,2024-07,2024-09,2448.16,4,0,1,0.6269089185669205
376447,Butter,Dairy & Breakfast,Gara and Sons,2024-08,2024-09,2024-11,8698.08,12,1,1,0.6256352168084497
764014,Salt,Grocery & Staples,"Grewal, Swamy and Dayal",2024-07,2024-08,2024-10,2448.16,4,0,1,0.6244326115488744
56589,Vitamins,Pharmacy,"Pai, Kashyap and Ramachandran",2024-07,2024-08,2024-10,1553.31,3,0,1,0.6206307997071354
324809,Bread,Dairy & Breakfast,Sidhu PLC,2024-06,2024-07,2024-09,3648.0,6,0,1,0.6200191263363984
764014,Salt,Grocery & Staples,"Grewal, Swamy and Dayal",2024-08,2024-09,2024-11,1224.08,2,0,1,0.6182582331380966
237083,Cough Syrup,Pharmacy,Hayer-Banerjee,2024-08,2024-09,2024-11,1731.3899999999999,3,0,1,0.6180532221159732
376447,Butter,Dairy & Breakfast,Gara and Sons,2024-07,2024-08,2024-10,10872.6,15,1,1,0.6177443163472848
376447,Butter,Dairy & Breakfast,Gara and Sons,2024-06,2024-07,2024-09,2174.52,3,0,1,0.6159761391368684
319388,Orange Juice,Cold Drinks & Juices,D’Alia-Dey,2024-08,2024-09,2024-11,3946.7999999999997,6,1,1,0.6142389789202557
970529,Diapers,Baby Care,"Kurian, Patla and Sanghvi",2024-06,2024-07,2024-09,5792.08,7,1,1,0.6118740920226748
398340,Instant Noodles,Instant & Frozen Food,"Nadig, Zachariah and Soni",2024-06,2024-07,2024-09,4563.51,7,1,1,0.6116587730177727
237083,Cough Syrup,Pharmacy,Hayer-Banerjee,2024-07,2024-08,2024-10,2885.6499999999996,5,0,1,0.6114056676032035
56589,Vitamins,Pharmacy,"Pai, Kashyap and Ramachandran",2024-06,2024-07,2024-09,1553.31,3,0,1,0.6103594902553937
56589,Vitamins,Pharmacy,"Pai, Kashyap and Ramachandran",2024-08,2024-09,2024-11,1553.31,3,0,1,0.6097548399853164
398340,Instant Noodles,Instant & Frozen Food,"Nadig, Zachariah and Soni",2024-07,2024-08,2024-10,8475.09,13,1,1,0.6089544713481891
425341,Pet Treats,Pet Care,"Mani, Dhar and Muni",2024-06,2024-07,2024-09,9239.32,19,1,1,0.6088403645638755
319388,Orange Juice,Cold Drinks & Juices,D’Alia-Dey,2024-07,2024-08,2024-10,7235.799999999999,11,1,1,0.6077161156956928
120385,Pet Treats,Pet Care,Dubey-Sarin,2024-08,2024-09,2024-11,0.0,0,0,1,0.6068276216088069
140489,Soap,Personal Care,"Biswas, Kapoor and Patel",2024-08,2024-09,2024-11,650.2,1,0,1,0.6055309705014701
712003,Cola,Cold Drinks & Juices,"Karan, Bandi and Acharya",2024-07,2024-08,2024-10,2015.0399999999997,3,0,1,0.6053374582997191
57405,Baby Food,Baby Care,Srinivas PLC,2024-08,2024-09,2024-11,0.0,0,0,1,0.6041999639312323
57405,Baby Food,Baby Care,Srinivas PLC,2024-06,2024-07,2024-09,1823.0099999999998,3,0,1,0.6024568977808082
319388,Orange Juice,Cold Drinks & Juices,D’Alia-Dey,2024-06,2024-07,2024-09,5920.2,9,1,1,0.6023500622615576
57405,Baby Food,Baby Care,Srinivas PLC,2024-07,2024-08,2024-10,1823.0099999999998,3,0,1,0.6017475560448705
642612,Pet Treats,Pet Care,Pillay-Ahuja,2024-06,2024-07,2024-09,4136.24,8,1,1,0.6013130918520212
324809,Bread,Dairy & Breakfast,Sidhu PLC,2024-08,2024-09,2024-11,5472.0,9,1,1,0.6010377630597734
120385,Pet Treats,Pet Care,Dubey-Sarin,2024-06,2024-07,2024-09,1793.73,3,0,1,0.5990647202287507
237083,Cough Syrup,Pharmacy,Hayer-Banerjee,2024-06,2024-07,2024-09,5194.17,9,1,1,0.5987819284589401
120385,Pet Treats,Pet Care,Dubey-Sarin,2024-07,2024-08,2024-10,1793.73,3,0,1,0.5983713514735742
712003,Cola,Cold Drinks & Juices,"Karan, Bandi and Acharya",2024-08,2024-09,2024-11,1343.36,2,0,1,0.5934976257941789
760828,Pet Treats,Pet Care,"Khurana, Khosla and Yohannan",2024-08,2024-09,2024-11,563.45,1,0,1,0.5912518502947409
760828,Pet Treats,Pet Care,"Khurana, Khosla and Yohannan",2024-07,2024-08,2024-10,2253.8,4,0,1,0.5911556784141321
712003,Cola,Cold Drinks & Juices,"Karan, Bandi and Acharya",2024-06,2024-07,2024-09,4701.76,7,1,1,0.5907687551083127
760828,Pet Treats,Pet Care,"Khurana, Khosla and Yohannan",2024-06,2024-07,2024-09,2253.8,4,0,1,0.5902905278396705
67197,Butter,Dairy & Breakfast,Shetty-Bora,2024-08,2024-09,2024-11,2208.8,4,0,1,0.5848183284238091
762527,Biscuits,Snacks & Munchies,"Chad, Yohannan and Chopra",2024-06,2024-07,2024-09,2760.32,4,0,1,0.5782542992262124
337168,Eggs,Dairy & Breakfast,Dasgupta PLC,2024-06,2024-07,2024-09,4909.41,9,1,1,0.5743095290629522
89084,Milk,Dairy & Breakfast,"Wali, Virk and Iyer",2024-08,2024-09,2024-11,4191.81,7,1,1,0.5727699237632596
398340,Instant Noodles,Instant & Frozen Food,"Nadig, Zachariah and Soni",2024-08,2024-09,2024-11,4563.51,7,1,1,0.5705207241736905
67197,Butter,Dairy & Breakfast,Shetty-Bora,2024-07,2024-08,2024-10,3865.4000000000005,7,0,1,0.5700546223080712
613942,Pet Treats,Pet Care,"Dyal, Saraf and Goel",2024-06,2024-07,2024-09,3815.0,7,0,1,0.5694811683519424
784673,Dog Food,Pet Care,Ramanathan Group,2024-08,2024-09,2024-11,1474.17,3,0,1,0.569079620994109
89084,Milk,Dairy & Breakfast,"Wali, Virk and Iyer",2024-07,2024-08,2024-10,4790.640000000001,8,1,1,0.5686285149250517
397973,Bananas,Fruits & Vegetables,"Wable, Randhawa and Mutti",2024-08,2024-09,2024-11,728.73,1,0,1,0.5675275705829679
337168,Eggs,Dairy & Breakfast,Dasgupta PLC,2024-07,2024-08,2024-10,3818.4300000000003,7,0,1,0.5654579166979415
762527,Biscuits,Snacks & Munchies,"Chad, Yohannan and Chopra",2024-07,2024-08,2024-10,1380.16,2,0,1,0.5630139220514573
762527,Biscuits,Snacks & Munchies,"Chad, Yohannan and Chopra",2024-08,2024-09,2024-11,1380.16,2,0,1,0.5615989418942411
642612,Pet Treats,Pet Care,Pillay-Ahuja,2024-07,2024-08,2024-10,3619.2099999999996,7,0,1,0.5579186118058195
67197,Butter,Dairy & Breakfast,Shetty-Bora,2024-06,2024-07,2024-09,6074.200000000001,11,1,1,0.5572812145433743
820541,Toilet Cleaner,Household Care,"Borde, Peri and Upadhyay",2024-08,2024-09,2024-11,5185.98,9,1,1,0.5568379990994288
397973,Bananas,Fruits & Vegetables,"Wable, Randhawa and Mutti",2024-07,2024-08,2024-10,2914.92,4,0,1,0.5564849396435322
820541,Toilet Cleaner,Household Care,"Borde, Peri and Upadhyay",2024-06,2024-07,2024-09,2881.1000000000004,5,0,1,0.5535861382388816
820541,Toilet Cleaner,Household Care,"Borde, Peri and Upadhyay",2024-07,2024-08,2024-10,6338.42,11,1,1,0.5525659452576464
784673,Dog Food,Pet Care,Ramanathan Group,2024-06,2024-07,2024-09,2456.95,5,0,1,0.5515429864723855
89084,Milk,Dairy & Breakfast,"Wali, Virk and Iyer",2024-06,2024-07,2024-09,1796.4900000000002,3,0,1,0.5509307351110508
613942,Pet Treats,Pet Care,"Dyal, Saraf and Goel",2024-07,2024-08,2024-10,3270.0,6,0,1,0.5481541862152836
642612,Pet Treats,Pet Care,Pillay-Ahuja,2024-08,2024-09,2024-11,2585.1499999999996,5,0,1,0.5480103560907494
397973,Bananas,Fruits & Vegetables,"Wable, Randhawa and Mutti",2024-06,2024-07,2024-09,2914.92,4,0,1,0.5470126716138878
337168,Eggs,Dairy & Breakfast,Dasgupta PLC,2024-08,2024-09,2024-11,2181.96,4,0,1,0.5431079921969755
784673,Dog Food,Pet Care,Ramanathan Group,2024-07,2024-08,2024-10,3931.12,8,1,1,0.542264320511969
644847,Salt,Grocery & Staples,"Jhaveri, Kata and Kapur",2024-08,2024-09,2024-11,4359.67,7,1,1,0.5339512572401044
373536,Dog Food,Pet Care,Chauhan-Sabharwal,2024-07,2024-08,2024-10,1482.51,3,0,1,0.5322086206063097
613942,Pet Treats,Pet Care,"Dyal, Saraf and Goel",2024-08,2024-09,2024-11,1635.0,3,0,1,0.5297374877190332
644847,Salt,Grocery & Staples,"Jhaveri, Kata and Kapur",2024-06,2024-07,2024-09,3736.8599999999997,6,0,1,0.5282721707278405
644847,Salt,Grocery & Staples,"Jhaveri, Kata and Kapur",2024-07,2024-08,2024-10,4359.67,7,1,1,0.5248950427823965
15314,Cheese,Dairy & Breakfast,Banik-Ratta,2024-08,2024-09,2024-11,1157.7,2,0,1,0.5237018741953325
425341,Pet Treats,Pet Care,"Mani, Dhar and Muni",2024-07,2024-08,2024-10,3890.24,8,0,1,0.5236449805151836
903336,Pulses,Grocery & Staples,"Vaidya, Amble and Palla",2024-06,2024-07,2024-09,3311.2799999999997,6,0,1,0.5228310495309314
425341,Pet Treats,Pet Care,"Mani, Dhar and Muni",2024-08,2024-09,2024-11,972.56,2,0,1,0.5224305544677453
373536,Dog Food,Pet Care,Chauhan-Sabharwal,2024-08,2024-09,2024-11,1482.51,3,0,1,0.5207847537891537
451933,Wheat Flour,Grocery & Staples,Nadig Ltd,2024-06,2024-07,2024-09,3413.6400000000003,6,0,1,0.5167640154301153
490602,Sugar,Grocery & Staples,Raghavan Inc,2024-07,2024-08,2024-10,3846.29,7,0,1,0.5164549823903586
15314,Cheese,Dairy & Breakfast,Banik-Ratta,2024-07,2024-08,2024-10,1157.7,2,0,1,0.516059038160369
15314,Cheese,Dairy & Breakfast,Banik-Ratta,2024-06,2024-07,2024-09,2315.4,4,0,1,0.5135672363316425
903336,Pulses,Grocery & Staples,"Vaidya, Amble and Palla",2024-07,2024-08,2024-10,3311.2799999999997,6,0,1,0.5123184692346776
490602,Sugar,Grocery & Staples,Raghavan Inc,2024-08,2024-09,2024-11,2747.3500000000004,5,0,1,0.5106416719969719
490602,Sugar,Grocery & Staples,Raghavan Inc,2024-06,2024-07,2024-09,3846.29,7,1,1,0.5089127023806912
451933,Wheat Flour,Grocery & Staples,Nadig Ltd,2024-08,2024-09,2024-11,568.94,1,0,1,0.5081141002577209
903336,Pulses,Grocery & Staples,"Vaidya, Amble and Palla",2024-08,2024-09,2024-11,1655.6399999999999,3,0,1,0.5077050223158779
451933,Wheat Flour,Grocery & Staples,Nadig Ltd,2024-07,2024-08,2024-10,2844.7000000000003,5,0,1,0.5041410102192451
154179,Pain Reliever,Pharmacy,"Barad, Devi and Andra",2024-08,2024-09,2024-11,0.0,0,0,0,0.48645391543823147
373536,Dog Food,Pet Care,Chauhan-Sabharwal,2024-06,2024-07,2024-09,2470.85,5,0,0,0.48228144769300113
552496,Dish Soap,Household Care,Dhar PLC,2024-06,2024-07,2024-09,9144.0,18,1,0,0.4787101510362948
154179,Pain Reliever,Pharmacy,"Barad, Devi and Andra",2024-06,2024-07,2024-09,1165.74,2,0,0,0.4773583475988393
70969,Carrots,Fruits & Vegetables,Mohan Group,2024-07,2024-08,2024-10,2526.8,4,0,0,0.4698364561014496
70969,Carrots,Fruits & Vegetables,Mohan Group,2024-06,2024-07,2024-09,2526.8,4,0,0,0.4673497019258601
306177,Frozen Biryani,Instant & Frozen Food,Som Inc,2024-07,2024-08,2024-10,3076.96,4,0,0,0.466462476778934
306177,Frozen Biryani,Instant & Frozen Food,Som Inc,2024-08,2024-09,2024-11,769.24,1,0,0,0.46403574313410495
913428,Pet Treats,Pet Care,Narayanan-Kumar,2024-06,2024-07,2024-09,3137.76,8,0,0,0.46328742087094876
70969,Carrots,Fruits & Vegetables,Mohan Group,2024-08,2024-09,2024-11,1263.4,2,0,0,0.4605147786641616
552496,Dish Soap,Household Care,Dhar PLC,2024-07,2024-08,2024-10,6096.0,12,1,0,0.45557042827038446
154179,Pain Reliever,Pharmacy,"Barad, Devi and Andra",2024-07,2024-08,2024-10,1165.74,2,0,0,0.4548418840418076
33797,Pain Reliever,Pharmacy,Gaba LLC,2024-08,2024-09,2024-11,0.0,0,0,0,0.45426705155655583
552496,Dish Soap,Household Care,Dhar PLC,2024-08,2024-09,2024-11,3556.0,7,1,0,0.4536999338040666
954722,Ice Cream,Instant & Frozen Food,Mohan-Virk,2024-08,2024-09,2024-11,1849.3500000000001,3,0,0,0.4521801421178882
954722,Ice Cream,Instant & Frozen Food,Mohan-Virk,2024-06,2024-07,2024-09,1849.3500000000001,3,0,0,0.450756610959094
891833,Curd,Dairy & Breakfast,Mani PLC,2024-06,2024-07,2024-09,4931.9,10,1,0,0.4506203857616321
891833,Curd,Dairy & Breakfast,Mani PLC,2024-08,2024-09,2024-11,3945.52,8,1,0,0.4492263964155054
306177,Frozen Biryani,Instant & Frozen Food,Som Inc,2024-06,2024-07,2024-09,3846.2,5,0,0,0.4468430405030092
954722,Ice Cream,Instant & Frozen Food,Mohan-Virk,2024-07,2024-08,2024-10,1849.3500000000001,3,0,0,0.4467437144321297
925482,Frozen Biryani,Instant & Frozen Food,Viswanathan-Sha,2024-06,2024-07,2024-09,4750.400000000001,10,1,0,0.4464088430386667
891833,Curd,Dairy & Breakfast,Mani PLC,2024-07,2024-08,2024-10,7891.04,16,1,0,0.44256619157367205
14145,Spinach,Fruits & Vegetables,"Thakur, Shah and Pingle",2024-06,2024-07,2024-09,1892.52,3,0,0,0.4372619550590655
14145,Spinach,Fruits & Vegetables,"Thakur, Shah and Pingle",2024-08,2024-09,2024-11,630.84,1,0,0,0.432411221593931
14145,Spinach,Fruits & Vegetables,"Thakur, Shah and Pingle",2024-07,2024-08,2024-10,1261.68,2,0,0,0.43210916689044115
839170,Curd,Dairy & Breakfast,Shetty and Sons,2024-07,2024-08,2024-10,963.26,2,0,0,0.4288135440449568
925482,Frozen Biryani,Instant & Frozen Food,Viswanathan-Sha,2024-07,2024-08,2024-10,5225.4400000000005,11,1,0,0.4237705802493122
894539,Dish Soap,Household Care,"Pall, Sule and Sood",2024-08,2024-09,2024-11,2672.88,6,0,0,0.4219624062062258
925482,Frozen Biryani,Instant & Frozen Food,Viswanathan-Sha,2024-08,2024-09,2024-11,4275.360000000001,9,1,0,0.4204930100917649
839170,Curd,Dairy & Breakfast,Shetty and Sons,2024-08,2024-09,2024-11,963.26,2,0,0,0.4175634410433261
894539,Dish Soap,Household Care,"Pall, Sule and Sood",2024-07,2024-08,2024-10,3563.84,8,0,0,0.41558274504901516
913428,Pet Treats,Pet Care,Narayanan-Kumar,2024-08,2024-09,2024-11,784.44,2,0,0,0.4139370428856207
913428,Pet Treats,Pet Care,Narayanan-Kumar,2024-07,2024-08,2024-10,784.44,2,0,0,0.4122829045604692
894539,Dish Soap,Household Care,"Pall, Sule and Sood",2024-06,2024-07,2024-09,4900.280000000001,11,1,0,0.4086225857153099
611575,Frozen Pizza,Instant & Frozen Food,"Bhat, Nigam and Hayer",2024-06,2024-07,2024-09,964.12,2,0,0,0.40479914796352096
611575,Frozen Pizza,Instant & Frozen Food,"Bhat, Nigam and Hayer",2024-07,2024-08,2024-10,964.12,2,0,0,0.40475120725800906
611575,Frozen Pizza,Instant & Frozen Food,"Bhat, Nigam and Hayer",2024-08,2024-09,2024-11,0.0,0,0,0,0.4020505369863658
839170,Curd,Dairy & Breakfast,Shetty and Sons,2024-06,2024-07,2024-09,1926.52,4,0,0,0.4018514516691029
833557,Cereal,Dairy & Breakfast,"Gole, Chand and Dada",2024-07,2024-08,2024-10,845.74,2,0,0,0.4007726104521538
965755,Bananas,Fruits & Vegetables,"Doshi, Sarraf and Sama",2024-07,2024-08,2024-10,0.0,0,0,0,0.398485660485562
965755,Bananas,Fruits & Vegetables,"Doshi, Sarraf and Sama",2024-06,2024-07,2024-09,3195.42,6,0,0,0.3974258201773609
833557,Cereal,Dairy & Breakfast,"Gole, Chand and Dada",2024-08,2024-09,2024-11,845.74,2,0,0,0.3973150757015368
965755,Bananas,Fruits & Vegetables,"Doshi, Sarraf and Sama",2024-08,2024-09,2024-11,0.0,0,0,0,0.39688285746868174
833557,Cereal,Dairy & Breakfast,"Gole, Chand and Dada",2024-06,2024-07,2024-09,0.0,0,0,0,0.38708645395723945
33797,Pain Reliever,Pharmacy,Gaba LLC,2024-06,2024-07,2024-09,1776.24,2,0,0,0.38672085081477026
33797,Pain Reliever,Pharmacy,Gaba LLC,2024-07,2024-08,2024-10,1776.24,2,0,0,0.38497177812078465
927651,Baby Wipes,Baby Care,Narula Group,2024-08,2024-09,2024-11,1280.16,3,0,0,0.37971927241014114
927651,Baby Wipes,Baby Care,Narula Group,2024-06,2024-07,2024-09,1280.16,3,0,0,0.3713542609340584
927651,Baby Wipes,Baby Care,Narula Group,2024-07,2024-08,2024-10,1706.88,4,0,0,0.3667546343983941
91670,Dish Soap,Household Care,Barman-Ahluwalia,2024-07,2024-08,2024-10,2635.44,6,0,0,0.35987139661633766
859361,Shampoo,Personal Care,Mitter Group,2024-08,2024-09,2024-11,2161.95,5,0,0,0.359367874005386
615545,Soap,Personal Care,Barman Inc,2024-08,2024-09,2024-11,2688.96,6,0,0,0.3560949595814846
91670,Dish Soap,Household Care,Barman-Ahluwalia,2024-06,2024-07,2024-09,1317.72,3,0,0,0.35581090873140153
284460,Potatoes,Fruits & Vegetables,"Ramakrishnan, Anand and Khare",2024-08,2024-09,2024-11,2529.75,5,0,0,0.3548551548103658
91670,Dish Soap,Household Care,Barman-Ahluwalia,2024-08,2024-09,2024-11,1317.72,3,0,0,0.35425360800488764
615545,Soap,Personal Care,Barman Inc,2024-07,2024-08,2024-10,2688.96,6,0,0,0.3520268696589404
859361,Shampoo,Personal Care,Mitter Group,2024-07,2024-08,2024-10,3026.7299999999996,7,0,0,0.35144744785805404
859361,Shampoo,Personal Care,Mitter Group,2024-06,2024-07,2024-09,3026.7299999999996,7,0,0,0.3511737562662505
890232,Mango Drink,Cold Drinks & Juices,Jha Group,2024-06,2024-07,2024-09,3456.0,8,0,0,0.3505052937556412
876139,Pulses,Grocery & Staples,Cherian-Dara,2024-07,2024-08,2024-10,3326.0,8,0,0,0.34454738976004345
287070,Wheat Flour,Grocery & Staples,"Gala, Magar and Rajagopal",2024-08,2024-09,2024-11,886.34,2,0,0,0.3439087459278707
615545,Soap,Personal Care,Barman Inc,2024-06,2024-07,2024-09,896.32,2,0,0,0.34194139837197995
462526,Curd,Dairy & Breakfast,Pau and Sons,2024-06,2024-07,2024-09,3149.7900000000004,7,0,0,0.3398210907320422
462526,Curd,Dairy & Breakfast,Pau and Sons,2024-08,2024-09,2024-11,2249.8500000000004,5,0,0,0.3394863026868252
876139,Pulses,Grocery & Staples,Cherian-Dara,2024-08,2024-09,2024-11,2910.25,7,1,0,0.3391494651745701
287070,Wheat Flour,Grocery & Staples,"Gala, Magar and Rajagopal",2024-07,2024-08,2024-10,1329.51,3,0,0,0.3384970953359712
753354,Shampoo,Personal Care,Sant-Mahajan,2024-08,2024-09,2024-11,1694.24,4,0,0,0.33767912198205596
876139,Pulses,Grocery & Staples,Cherian-Dara,2024-06,2024-07,2024-09,3326.0,8,0,0,0.33706734431557994
667163,Orange Juice,Cold Drinks & Juices,Palla LLC,2024-08,2024-09,2024-11,3088.4,7,1,0,0.3359872464168794
721521,Rice,Grocery & Staples,"Ramanathan, Agarwal and Baria",2024-06,2024-07,2024-09,1252.17,3,0,0,0.3354501336548595
462526,Curd,Dairy & Breakfast,Pau and Sons,2024-07,2024-08,2024-10,3149.7900000000004,7,0,0,0.33534040428604084
721521,Rice,Grocery & Staples,"Ramanathan, Agarwal and Baria",2024-07,2024-08,2024-10,3339.12,8,0,0,0.3340656941177829
667163,Orange Juice,Cold Drinks & Juices,Palla LLC,2024-06,2024-07,2024-09,0.0,0,0,0,0.3339627876995884
890232,Mango Drink,Cold Drinks & Juices,Jha Group,2024-08,2024-09,2024-11,432.0,1,0,0,0.33393901586869007
287070,Wheat Flour,Grocery & Staples,"Gala, Magar and Rajagopal",2024-06,2024-07,2024-09,1329.51,3,0,0,0.3336804744935168
890232,Mango Drink,Cold Drinks & Juices,Jha Group,2024-07,2024-08,2024-10,864.0,2,0,0,0.33052090390438416
721521,Rice,Grocery & Staples,"Ramanathan, Agarwal and Baria",2024-08,2024-09,2024-11,2921.7299999999996,7,1,0,0.329780013027543
949818,Biscuits,Snacks & Munchies,Yohannan Inc,2024-08,2024-09,2024-11,1449.15,3,0,0,0.3293626281957422
753354,Shampoo,Personal Care,Sant-Mahajan,2024-06,2024-07,2024-09,1270.68,3,0,0,0.3292174159393475
667163,Orange Juice,Cold Drinks & Juices,Palla LLC,2024-07,2024-08,2024-10,2206.0,5,0,0,0.32893229386178147
654623,Chips,Snacks & Munchies,Pradhan and Sons,2024-08,2024-09,2024-11,4221.4,10,1,0,0.3248483280202514
36412,Dish Soap,Household Care,Muni-Shankar,2024-06,2024-07,2024-09,2783.7599999999998,7,0,0,0.32475742190836465
36412,Dish Soap,Household Care,Muni-Shankar,2024-08,2024-09,2024-11,4374.48,11,1,0,0.3247518233638867
500739,Bread,Dairy & Breakfast,Aggarwal Group,2024-06,2024-07,2024-09,719.96,2,0,0,0.3234553790673345
654623,Chips,Snacks & Munchies,Pradhan and Sons,2024-07,2024-08,2024-10,5487.82,13,1,0,0.32329757380682334
284460,Potatoes,Fruits & Vegetables,"Ramakrishnan, Anand and Khare",2024-07,2024-08,2024-10,5059.5,10,1,0,0.3232113806855002
604184,Toilet Cleaner,Household Care,"Gaba, Sodhi and Choudhary",2024-08,2024-09,2024-11,3180.4,8,1,0,0.3223172961307833
500739,Bread,Dairy & Breakfast,Aggarwal Group,2024-08,2024-09,2024-11,0.0,0,0,0,0.3218329835989646
753354,Shampoo,Personal Care,Sant-Mahajan,2024-07,2024-08,2024-10,2964.92,7,0,0,0.3209533611977011
500739,Bread,Dairy & Breakfast,Aggarwal Group,2024-07,2024-08,2024-10,719.96,2,0,0,0.31909788972785424
36412,Dish Soap,Household Care,Muni-Shankar,2024-07,2024-08,2024-10,4374.48,11,1,0,0.31737248264505025
654623,Chips,Snacks & Munchies,Pradhan and Sons,2024-06,2024-07,2024-09,4643.54,11,1,0,0.31713027425873974
706112,Vitamins,Pharmacy,"Magar, Gara and Garg",2024-08,2024-09,2024-11,2393.9500000000003,5,0,0,0.31665598016104285
949818,Biscuits,Snacks & Munchies,Yohannan Inc,2024-07,2024-08,2024-10,3864.4,8,0,0,0.3156799239250943
706112,Vitamins,Pharmacy,"Magar, Gara and Garg",2024-07,2024-08,2024-10,2393.9500000000003,5,0,0,0.3153998170657768
513199,Cola,Cold Drinks & Juices,Rastogi Inc,2024-06,2024-07,2024-09,1266.69,3,0,0,0.311422681268637
604184,Toilet Cleaner,Household Care,"Gaba, Sodhi and Choudhary",2024-07,2024-08,2024-10,3180.4,8,0,0,0.3107965381550082
949818,Biscuits,Snacks & Munchies,Yohannan Inc,2024-06,2024-07,2024-09,2415.25,5,0,0,0.309229614510403
513199,Cola,Cold Drinks & Juices,Rastogi Inc,2024-07,2024-08,2024-10,2111.15,5,0,0,0.3048455662370886
513199,Cola,Cold Drinks & Juices,Rastogi Inc,2024-08,2024-09,2024-11,1688.92,4,0,0,0.3031552620733365
473929,Carrots,Fruits & Vegetables,"Bhardwaj, Bhatia and Deshmukh",2024-06,2024-07,2024-09,3081.33,7,0,0,0.30303405930228694
256051,Lotion,Personal Care,"Mannan, Naidu and Sama",2024-08,2024-09,2024-11,0.0,0,0,0,0.3015245982007976
491521,Nuts,Snacks & Munchies,Karpe Inc,2024-08,2024-09,2024-11,2781.75,5,0,0,0.2985931355526638
256051,Lotion,Personal Care,"Mannan, Naidu and Sama",2024-07,2024-08,2024-10,0.0,0,0,0,0.2976916692050514
473929,Carrots,Fruits & Vegetables,"Bhardwaj, Bhatia and Deshmukh",2024-07,2024-08,2024-10,3081.33,7,0,0,0.2966946228236389
284460,Potatoes,Fruits & Vegetables,"Ramakrishnan, Anand and Khare",2024-06,2024-07,2024-09,4047.6,8,1,0,0.29239716183204667
473929,Carrots,Fruits & Vegetables,"Bhardwaj, Bhatia and Deshmukh",2024-08,2024-09,2024-11,1760.76,4,0,0,0.2920078617486847
812607,Potatoes,Fruits & Vegetables,Rege Group,2024-06,2024-07,2024-09,4583.15,11,1,0,0.2916959332950395
812607,Potatoes,Fruits & Vegetables,Rege Group,2024-07,2024-08,2024-10,4166.5,10,1,0,0.2910508138553357
604184,Toilet Cleaner,Household Care,"Gaba, Sodhi and Choudhary",2024-06,2024-07,2024-09,1987.75,5,0,0,0.2909814623895156
256051,Lotion,Personal Care,"Mannan, Naidu and Sama",2024-06,2024-07,2024-09,801.84,2,0,0,0.2870567556745775
491521,Nuts,Snacks & Munchies,Karpe Inc,2024-06,2024-07,2024-09,3338.1000000000004,6,0,0,0.28406106903873407
812607,Potatoes,Fruits & Vegetables,Rege Group,2024-08,2024-09,2024-11,3749.85,9,1,0,0.28245378500297297
491521,Nuts,Snacks & Munchies,Karpe Inc,2024-07,2024-08,2024-10,4450.8,8,1,0,0.27954717393713896
219598,Shampoo,Personal Care,Arora-Magar,2024-08,2024-09,2024-11,1468.32,4,0,0,0.27018448102063447
219598,Shampoo,Personal Care,Arora-Magar,2024-07,2024-08,2024-10,1468.32,4,0,0,0.2682275356334735
219598,Shampoo,Personal Care,Arora-Magar,2024-06,2024-07,2024-09,1101.24,3,0,0,0.26683923819003247
555121,Carrots,Fruits & Vegetables,"Subramanian, Chaudhuri and Dora",2024-07,2024-08,2024-10,1419.64,4,0,0,0.2560883043028351
555121,Carrots,Fruits & Vegetables,"Subramanian, Chaudhuri and Dora",2024-08,2024-09,2024-11,709.82,2,0,0,0.25437352893155835
706112,Vitamins,Pharmacy,"Magar, Gara and Garg",2024-06,2024-07,2024-09,3351.53,7,0,0,0.2535167487019253
659290,Cheese,Dairy & Breakfast,Kapadia-D’Alia,2024-07,2024-08,2024-10,319.34,1,0,0,0.25238438763678045
734789,Popcorn,Snacks & Munchies,"Chaudhari, Pant and Singh",2024-08,2024-09,2024-11,791.64,2,0,0,0.24929908136619885
555121,Carrots,Fruits & Vegetables,"Subramanian, Chaudhuri and Dora",2024-06,2024-07,2024-09,709.82,2,0,0,0.2477983538939673
679865,Wheat Flour,Grocery & Staples,Memon-Barad,2024-08,2024-09,2024-11,1391.64,4,0,0,0.24772543616816514
26060,Vitamins,Pharmacy,Shah and Sons,2024-07,2024-08,2024-10,2743.52,8,0,0,0.2450146075550659
659290,Cheese,Dairy & Breakfast,Kapadia-D’Alia,2024-08,2024-09,2024-11,319.34,1,0,0,0.24482585470636106
734789,Popcorn,Snacks & Munchies,"Chaudhari, Pant and Singh",2024-07,2024-08,2024-10,791.64,2,0,0,0.24476203219148018
734789,Popcorn,Snacks & Munchies,"Chaudhari, Pant and Singh",2024-06,2024-07,2024-09,1187.46,3,0,0,0.24220896854502835
567671,Biscuits,Snacks & Munchies,Nagar LLC,2024-07,2024-08,2024-10,2510.88,6,0,0,0.2397232012941105
26060,Vitamins,Pharmacy,Shah and Sons,2024-08,2024-09,2024-11,4115.28,12,1,0,0.23862485576447204
329351,Cheese,Dairy & Breakfast,"Lala, Kalita and Sathe",2024-06,2024-07,2024-09,0.0,0,0,0,0.23802907168987417
659290,Cheese,Dairy & Breakfast,Kapadia-D’Alia,2024-06,2024-07,2024-09,958.02,3,0,0,0.23780415348984665
901144,Sugar,Grocery & Staples,Deo-Kamdar,2024-06,2024-07,2024-09,1361.44,4,0,0,0.23765625368106252
679865,Wheat Flour,Grocery & Staples,Memon-Barad,2024-07,2024-08,2024-10,3131.19,9,0,0,0.2362448186968625
901144,Sugar,Grocery & Staples,Deo-Kamdar,2024-07,2024-08,2024-10,1021.08,3,0,0,0.23607405743648424
567671,Biscuits,Snacks & Munchies,Nagar LLC,2024-08,2024-09,2024-11,3766.32,9,1,0,0.23582227584005522
329351,Cheese,Dairy & Breakfast,"Lala, Kalita and Sathe",2024-07,2024-08,2024-10,0.0,0,0,0,0.2348681483314161
567671,Biscuits,Snacks & Munchies,Nagar LLC,2024-06,2024-07,2024-09,3347.84,8,0,0,0.2342066231375244
329351,Cheese,Dairy & Breakfast,"Lala, Kalita and Sathe",2024-08,2024-09,2024-11,0.0,0,0,0,0.23380607797137903
679865,Wheat Flour,Grocery & Staples,Memon-Barad,2024-06,2024-07,2024-09,2783.28,8,0,0,0.2334992223898306
901144,Sugar,Grocery & Staples,Deo-Kamdar,2024-08,2024-09,2024-11,2042.16,6,0,0,0.23055117213336507
26060,Vitamins,Pharmacy,Shah and Sons,2024-06,2024-07,2024-09,2400.58,7,0,0,0.22754010380779804
647462,Lotion,Personal Care,"Balan, Samra and Sekhon",2024-07,2024-08,2024-10,2284.94,7,0,0,0.2263896505062083
647462,Lotion,Personal Care,"Balan, Samra and Sekhon",2024-06,2024-07,2024-09,1305.68,4,0,0,0.2248231938236322
433521,Diapers,Baby Care,Mahal Group,2024-07,2024-08,2024-10,1606.65,5,0,0,0.2233512498020863
647462,Lotion,Personal Care,"Balan, Samra and Sekhon",2024-08,2024-09,2024-11,1958.52,6,0,0,0.22303662210471317
433521,Diapers,Baby Care,Mahal Group,2024-06,2024-07,2024-09,1606.65,5,0,0,0.22182371877006166
433521,Diapers,Baby Care,Mahal Group,2024-08,2024-09,2024-11,1927.98,6,0,0,0.22168907184904227
606256,Frozen Biryani,Instant & Frozen Food,Agate Ltd,2024-08,2024-09,2024-11,1107.84,3,0,0,0.21902493765366965
354409,Pulses,Grocery & Staples,Bose-Pandit,2024-08,2024-09,2024-11,650.16,2,0,0,0.21083281067637516
274207,Cough Syrup,Pharmacy,"Savant, Batta and Mander",2024-08,2024-09,2024-11,1971.06,6,0,0,0.21038746803143182
274207,Cough Syrup,Pharmacy,"Savant, Batta and Mander",2024-06,2024-07,2024-09,1971.06,6,0,0,0.20983263230034205
274207,Cough Syrup,Pharmacy,"Savant, Batta and Mander",2024-07,2024-08,2024-10,2628.08,8,0,0,0.20835206507075021
461804,Sugar,Grocery & Staples,"Ghose, Ben and Divan",2024-06,2024-07,2024-09,310.69,1,0,0,0.20570325194245084
606256,Frozen Biryani,Instant & Frozen Food,Agate Ltd,2024-07,2024-08,2024-10,2215.68,6,0,0,0.20417550653232577
354409,Pulses,Grocery & Staples,Bose-Pandit,2024-07,2024-08,2024-10,975.2399999999999,3,0,0,0.20279016232053057
461804,Sugar,Grocery & Staples,"Ghose, Ben and Divan",2024-07,2024-08,2024-10,310.69,1,0,0,0.2025788348780964
487065,Chips,Snacks & Munchies,Kadakia-Yadav,2024-08,2024-09,2024-11,374.68,1,0,0,0.1997540995918788
257719,Eggs,Dairy & Breakfast,Chaudhuri PLC,2024-08,2024-09,2024-11,2253.84,8,0,0,0.19751671566624387
461804,Sugar,Grocery & Staples,"Ghose, Ben and Divan",2024-08,2024-09,2024-11,310.69,1,0,0,0.19549955374735023
257719,Eggs,Dairy & Breakfast,Chaudhuri PLC,2024-06,2024-07,2024-09,1690.38,6,0,0,0.19330640261545928
606256,Frozen Biryani,Instant & Frozen Food,Agate Ltd,2024-06,2024-07,2024-09,2215.68,6,0,0,0.19237806632481871
257719,Eggs,Dairy & Breakfast,Chaudhuri PLC,2024-07,2024-08,2024-10,2535.57,9,0,0,0.19212895296787807
34200,Lotion,Personal Care,Munshi-Grewal,2024-08,2024-09,2024-11,2238.6000000000004,7,0,0,0.19211773578714486
34200,Lotion,Personal Care,Munshi-Grewal,2024-07,2024-08,2024-10,2238.6000000000004,7,0,0,0.191964122623296
747801,Toilet Cleaner,Household Care,Saha-Vora,2024-08,2024-09,2024-11,0.0,0,0,0,0.19162858323385448
487065,Chips,Snacks & Munchies,Kadakia-Yadav,2024-07,2024-08,2024-10,374.68,1,0,0,0.19150158527031405
354409,Pulses,Grocery & Staples,Bose-Pandit,2024-06,2024-07,2024-09,1950.48,6,0,0,0.1911271862012415
747801,Toilet Cleaner,Household Care,Saha-Vora,2024-06,2024-07,2024-09,555.52,2,0,0,0.18825282666064092
487065,Chips,Snacks & Munchies,Kadakia-Yadav,2024-06,2024-07,2024-09,749.36,2,0,0,0.18681822761729797
747801,Toilet Cleaner,Household Care,Saha-Vora,2024-07,2024-08,2024-10,0.0,0,0,0,0.18312937627638612
969851,Frozen Vegetables,Instant & Frozen Food,"Kara, Sodhi and Bassi",2024-06,2024-07,2024-09,1362.64,4,0,0,0.18281936539318433
969851,Frozen Vegetables,Instant & Frozen Food,"Kara, Sodhi and Bassi",2024-07,2024-08,2024-10,1021.98,3,0,0,0.18177757346224985
687218,Mango Drink,Cold Drinks & Juices,"Sankaran, Pall and Gola",2024-06,2024-07,2024-09,0.0,0,0,0,0.18173886995748811
969851,Frozen Vegetables,Instant & Frozen Food,"Kara, Sodhi and Bassi",2024-08,2024-09,2024-11,1362.64,4,0,0,0.178313842967455
34200,Lotion,Personal Care,Munshi-Grewal,2024-06,2024-07,2024-09,319.8,1,0,0,0.17662113003217292
687218,Mango Drink,Cold Drinks & Juices,"Sankaran, Pall and Gola",2024-07,2024-08,2024-10,317.82,1,0,0,0.1763676744303577
799688,Lotion,Personal Care,Arora LLC,2024-07,2024-08,2024-10,2167.34,7,0,0,0.17087876407119798
687218,Mango Drink,Cold Drinks & Juices,"Sankaran, Pall and Gola",2024-08,2024-09,2024-11,317.82,1,0,0,0.17062980420361054
378287,Lemonade,Cold Drinks & Juices,Ramesh-Jain,2024-07,2024-08,2024-10,2329.88,7,0,0,0.1691003050398998
681063,Mango Drink,Cold Drinks & Juices,Dass and Sons,2024-07,2024-08,2024-10,3855.36,12,0,0,0.16902935095814467
378287,Lemonade,Cold Drinks & Juices,Ramesh-Jain,2024-06,2024-07,2024-09,2329.88,7,0,0,0.16689111518672778
799688,Lotion,Personal Care,Arora LLC,2024-08,2024-09,2024-11,2167.34,7,0,0,0.16655081408168626
587420,Cookies,Snacks & Munchies,Raj and Sons,2024-06,2024-07,2024-09,1787.1,5,0,0,0.16608118150901147
890623,Onions,Fruits & Vegetables,"Sangha, Nagar and Varty",2024-08,2024-09,2024-11,0.0,0,0,0,0.16526318971944684
681063,Mango Drink,Cold Drinks & Juices,Dass and Sons,2024-08,2024-09,2024-11,2891.52,9,1,0,0.16473411918877467
378287,Lemonade,Cold Drinks & Juices,Ramesh-Jain,2024-08,2024-09,2024-11,1664.1999999999998,5,0,0,0.16402399312306543
799688,Lotion,Personal Care,Arora LLC,2024-06,2024-07,2024-09,2476.96,8,0,0,0.16393004150778132
52729,Cat Food,Pet Care,Saini LLC,2024-08,2024-09,2024-11,3160.2,10,1,0,0.16299061183732996
52729,Cat Food,Pet Care,Saini LLC,2024-07,2024-08,2024-10,3160.2,10,0,0,0.16237466814650015
784827,Baby Wipes,Baby Care,Balakrishnan Ltd,2024-08,2024-09,2024-11,548.5,2,0,0,0.1618452411635183
52729,Cat Food,Pet Care,Saini LLC,2024-06,2024-07,2024-09,2212.14,7,0,0,0.16057671520298528
587420,Cookies,Snacks & Munchies,Raj and Sons,2024-08,2024-09,2024-11,3216.78,9,1,0,0.159816288138606
623234,Frozen Biryani,Instant & Frozen Food,Chakrabarti-Batra,2024-08,2024-09,2024-11,989.3700000000001,3,0,0,0.157904038257048
681063,Mango Drink,Cold Drinks & Juices,Dass and Sons,2024-06,2024-07,2024-09,3212.8,10,0,0,0.15490253739037954
623234,Frozen Biryani,Instant & Frozen Food,Chakrabarti-Batra,2024-06,2024-07,2024-09,3627.6900000000005,11,0,0,0.1547498455404185
677169,Cough Syrup,Pharmacy,Char-Divan,2024-08,2024-09,2024-11,783.0899999999999,3,0,0,0.15417745351013282
677169,Cough Syrup,Pharmacy,Char-Divan,2024-06,2024-07,2024-09,1305.1499999999999,5,0,0,0.15338744812117178
623234,Frozen Biryani,Instant & Frozen Food,Chakrabarti-Batra,2024-07,2024-08,2024-10,3627.6900000000005,11,0,0,0.15325793458343762
890623,Onions,Fruits & Vegetables,"Sangha, Nagar and Varty",2024-06,2024-07,2024-09,1063.56,3,0,0,0.1531482321714742
890623,Onions,Fruits & Vegetables,"Sangha, Nagar and Varty",2024-07,2024-08,2024-10,1063.56,3,0,0,0.15314053699055918
587420,Cookies,Snacks & Munchies,Raj and Sons,2024-07,2024-08,2024-10,3931.6200000000003,11,1,0,0.15287462338464752
677169,Cough Syrup,Pharmacy,Char-Divan,2024-07,2024-08,2024-10,1044.12,4,0,0,0.15055141774312114
440875,Baby Wipes,Baby Care,Loyal Inc,2024-06,2024-07,2024-09,550.06,2,0,0,0.1495569923319662
564692,Cat Food,Pet Care,"Krishna, Bail and Dyal",2024-07,2024-08,2024-10,862.6,4,0,0,0.1490746272080369
564692,Cat Food,Pet Care,"Krishna, Bail and Dyal",2024-06,2024-07,2024-09,1078.25,5,0,0,0.14747570971266752
440875,Baby Wipes,Baby Care,Loyal Inc,2024-08,2024-09,2024-11,1650.1799999999998,6,0,0,0.1459208764020133
440875,Baby Wipes,Baby Care,Loyal Inc,2024-07,2024-08,2024-10,1925.2099999999998,7,0,0,0.14577699646220865
564692,Cat Food,Pet Care,"Krishna, Bail and Dyal",2024-08,2024-09,2024-11,862.6,4,0,0,0.14560931715239075
784827,Baby Wipes,Baby Care,Balakrishnan Ltd,2024-06,2024-07,2024-09,1371.25,5,0,0,0.14441943850436417
798639,Eggs,Dairy & Breakfast,Subramaniam LLC,2024-06,2024-07,2024-09,422.5,2,0,0,0.1405666121583532
784827,Baby Wipes,Baby Care,Balakrishnan Ltd,2024-07,2024-08,2024-10,1645.5,6,0,0,0.13887987066102905
798639,Eggs,Dairy & Breakfast,Subramaniam LLC,2024-08,2024-09,2024-11,633.75,3,0,0,0.1381301274997985
798639,Eggs,Dairy & Breakfast,Subramaniam LLC,2024-07,2024-08,2024-10,633.75,3,0,0,0.13747643345670524
540618,Popcorn,Snacks & Munchies,Golla-Luthra,2024-08,2024-09,2024-11,2219.3500000000004,7,0,0,0.13103819270779388
540618,Popcorn,Snacks & Munchies,Golla-Luthra,2024-07,2024-08,2024-10,2219.3500000000004,7,0,0,0.1284902313322413
953175,Baby Food,Baby Care,Sehgal-Nagarajan,2024-07,2024-08,2024-10,1576.47,7,0,0,0.12717307507338696
540618,Popcorn,Snacks & Munchies,Golla-Luthra,2024-06,2024-07,2024-09,1268.2,4,0,0,0.12513425863448346
621677,Frozen Biryani,Instant & Frozen Food,Sabharwal-Mital,2024-06,2024-07,2024-09,0.0,0,0,0,0.12501858580346767
888807,Bread,Dairy & Breakfast,Arya Group,2024-08,2024-09,2024-11,1383.48,6,0,0,0.12375589583357938
131937,Frozen Pizza,Instant & Frozen Food,"Varkey, Devi and Ganguly",2024-06,2024-07,2024-09,575.62,2,0,0,0.12374132743786546
953175,Baby Food,Baby Care,Sehgal-Nagarajan,2024-08,2024-09,2024-11,900.84,4,0,0,0.12327530106452511
131937,Frozen Pizza,Instant & Frozen Food,"Varkey, Devi and Ganguly",2024-08,2024-09,2024-11,0.0,0,0,0,0.12317017239170364
532965,Frozen Pizza,Instant & Frozen Food,Sachdev Inc,2024-06,2024-07,2024-09,0.0,0,0,0,0.12247305328922845
621677,Frozen Biryani,Instant & Frozen Food,Sabharwal-Mital,2024-07,2024-08,2024-10,0.0,0,0,0,0.12184193640086316
131937,Frozen Pizza,Instant & Frozen Food,"Varkey, Devi and Ganguly",2024-07,2024-08,2024-10,575.62,2,0,0,0.1214101778842578
532965,Frozen Pizza,Instant & Frozen Food,Sachdev Inc,2024-07,2024-08,2024-10,0.0,0,0,0,0.1211242231939257
914071,Chips,Snacks & Munchies,Datta Ltd,2024-07,2024-08,2024-10,1484.7,5,0,0,0.12075765864735262
532965,Frozen Pizza,Instant & Frozen Food,Sachdev Inc,2024-08,2024-09,2024-11,0.0,0,0,0,0.12028020143715672
712307,Orange Juice,Cold Drinks & Juices,Chana LLC,2024-07,2024-08,2024-10,0.0,0,0,0,0.12027289134338605
712307,Orange Juice,Cold Drinks & Juices,Chana LLC,2024-06,2024-07,2024-09,529.78,2,0,0,0.11883498206487325
712307,Orange Juice,Cold Drinks & Juices,Chana LLC,2024-08,2024-09,2024-11,0.0,0,0,0,0.11816935002406753
621677,Frozen Biryani,Instant & Frozen Food,Sabharwal-Mital,2024-08,2024-09,2024-11,0.0,0,0,0,0.1177298260598945
914071,Chips,Snacks & Munchies,Datta Ltd,2024-06,2024-07,2024-09,2078.58,7,0,0,0.11747287482176769
888807,Bread,Dairy & Breakfast,Arya Group,2024-07,2024-08,2024-10,1844.64,8,0,0,0.11677153642188606
914071,Chips,Snacks & Munchies,Datta Ltd,2024-08,2024-09,2024-11,296.94,1,0,0,0.11623635829595955
317242,Pulses,Grocery & Staples,Rastogi Group,2024-07,2024-08,2024-10,0.0,0,0,0,0.11453641868829455
317242,Pulses,Grocery & Staples,Rastogi Group,2024-06,2024-07,2024-09,396.3,2,0,0,0.1121891648843958
317242,Pulses,Grocery & Staples,Rastogi Group,2024-08,2024-09,2024-11,0.0,0,0,0,0.10868808506250484
837480,Cough Syrup,Pharmacy,Edwin and Sons,2024-06,2024-07,2024-09,434.8,2,0,0,0.10536890275936545
6405,Baby Food,Baby Care,Kashyap-Reddy,2024-07,2024-08,2024-10,1182.55,5,0,0,0.1045463405979026
863930,Shampoo,Personal Care,"Sathe, Agarwal and Dhar",2024-08,2024-09,2024-11,1455.42,6,0,0,0.10303202075202966
6405,Baby Food,Baby Care,Kashyap-Reddy,2024-08,2024-09,2024-11,1182.55,5,0,0,0.10263860623057829
863930,Shampoo,Personal Care,"Sathe, Agarwal and Dhar",2024-07,2024-08,2024-10,2425.7,10,0,0,0.10237203487966076
837480,Cough Syrup,Pharmacy,Edwin and Sons,2024-07,2024-08,2024-10,652.2,3,0,0,0.102012138068118
953175,Baby Food,Baby Care,Sehgal-Nagarajan,2024-06,2024-07,2024-09,2477.31,11,0,0,0.10107393394470879
837480,Cough Syrup,Pharmacy,Edwin and Sons,2024-08,2024-09,2024-11,652.2,3,0,0,0.10053519990934599
6405,Baby Food,Baby Care,Kashyap-Reddy,2024-06,2024-07,2024-09,2128.59,9,0,0,0.10024815600352151
481843,Chocolates,Snacks & Munchies,"Taneja, Kala and Kota",2024-07,2024-08,2024-10,1190.72,4,0,0,0.09942253061967843
542300,Popcorn,Snacks & Munchies,Gulati-Tandon,2024-06,2024-07,2024-09,3319.55,13,0,0,0.09940057616891565
77308,Onions,Fruits & Vegetables,Ratta-Sagar,2024-06,2024-07,2024-09,1339.6200000000001,6,0,0,0.0979836807267856
481843,Chocolates,Snacks & Munchies,"Taneja, Kala and Kota",2024-08,2024-09,2024-11,893.04,3,0,0,0.0975828290087186
888807,Bread,Dairy & Breakfast,Arya Group,2024-06,2024-07,2024-09,2766.96,12,0,0,0.09721375791020223
77308,Onions,Fruits & Vegetables,Ratta-Sagar,2024-07,2024-08,2024-10,893.08,4,0,0,0.09646013073498409
77308,Onions,Fruits & Vegetables,Ratta-Sagar,2024-08,2024-09,2024-11,223.27,1,0,0,0.0963396858316708
481843,Chocolates,Snacks & Munchies,"Taneja, Kala and Kota",2024-06,2024-07,2024-09,2381.44,8,0,0,0.09461588229985395
863930,Shampoo,Personal Care,"Sathe, Agarwal and Dhar",2024-06,2024-07,2024-09,2425.7,10,0,0,0.09437336503058065
542300,Popcorn,Snacks & Munchies,Gulati-Tandon,2024-08,2024-09,2024-11,1276.75,5,0,0,0.09296482255722402
677542,Toilet Cleaner,Household Care,Thaman-Lanka,2024-08,2024-09,2024-11,850.44,4,0,0,0.09114540713188912
952168,Popcorn,Snacks & Munchies,"Krishnamurthy, Sibal and Das",2024-08,2024-09,2024-11,710.8499999999999,3,0,0,0.0909454282450662
542300,Popcorn,Snacks & Munchies,Gulati-Tandon,2024-07,2024-08,2024-10,3319.55,13,0,0,0.09071326991070026
990993,Chocolates,Snacks & Munchies,Guha-Subramaniam,2024-08,2024-09,2024-11,1582.2,6,0,0,0.09004581594968061
500633,Cereal,Dairy & Breakfast,Trivedi-Ahluwalia,2024-06,2024-07,2024-09,618.0,4,0,0,0.08771688690765639
669378,Potatoes,Fruits & Vegetables,Chadha and Sons,2024-08,2024-09,2024-11,1272.84,6,0,0,0.08662673115897782
990993,Chocolates,Snacks & Munchies,Guha-Subramaniam,2024-07,2024-08,2024-10,1582.2,6,0,0,0.08652213628092006
500633,Cereal,Dairy & Breakfast,Trivedi-Ahluwalia,2024-07,2024-08,2024-10,0.0,0,0,0,0.08608606111048102
669378,Potatoes,Fruits & Vegetables,Chadha and Sons,2024-06,2024-07,2024-09,1484.98,7,0,0,0.08418936464630775
669378,Potatoes,Fruits & Vegetables,Chadha and Sons,2024-07,2024-08,2024-10,2121.3999999999996,10,0,0,0.08245775317716336
991434,Cookies,Snacks & Munchies,Mital-Oza,2024-06,2024-07,2024-09,1425.72,6,0,0,0.08239854826388458
952168,Popcorn,Snacks & Munchies,"Krishnamurthy, Sibal and Das",2024-06,2024-07,2024-09,2606.45,11,0,0,0.08212422129880197
952168,Popcorn,Snacks & Munchies,"Krishnamurthy, Sibal and Das",2024-07,2024-08,2024-10,2132.5499999999997,9,0,0,0.08163807283795281
500633,Cereal,Dairy & Breakfast,Trivedi-Ahluwalia,2024-08,2024-09,2024-11,0.0,0,0,0,0.08163400382349123
990993,Chocolates,Snacks & Munchies,Guha-Subramaniam,2024-06,2024-07,2024-09,1582.2,6,0,0,0.08155577299157617
677542,Toilet Cleaner,Household Care,Thaman-Lanka,2024-07,2024-08,2024-10,2126.1000000000004,10,0,0,0.08144222129634558
848226,Tomatoes,Fruits & Vegetables,Barad and Sons,2024-08,2024-09,2024-11,628.77,3,0,0,0.08115432816072557
848226,Tomatoes,Fruits & Vegetables,Barad and Sons,2024-07,2024-08,2024-10,628.77,3,0,0,0.08060370520899283
848226,Tomatoes,Fruits & Vegetables,Barad and Sons,2024-06,2024-07,2024-09,1047.95,5,0,0,0.08006260801266266
692985,Pulses,Grocery & Staples,"Wable, Sankaran and Hari",2024-07,2024-08,2024-10,394.78,2,0,0,0.07841550402375186
692985,Pulses,Grocery & Staples,"Wable, Sankaran and Hari",2024-06,2024-07,2024-09,592.17,3,0,0,0.07839599478904191
692985,Pulses,Grocery & Staples,"Wable, Sankaran and Hari",2024-08,2024-09,2024-11,394.78,2,0,0,0.07822265974649402
991434,Cookies,Snacks & Munchies,Mital-Oza,2024-07,2024-08,2024-10,2138.58,9,0,0,0.07777601073268765
298985,Vitamins,Pharmacy,"Ramanathan, Joshi and Srinivasan",2024-08,2024-09,2024-11,1286.32,7,0,0,0.07648164251556212
991434,Cookies,Snacks & Munchies,Mital-Oza,2024-08,2024-09,2024-11,1425.72,6,0,0,0.07573167622511236
196719,Bananas,Fruits & Vegetables,Yogi Group,2024-08,2024-09,2024-11,870.0,4,0,0,0.07393740264676427
930284,Baby Food,Baby Care,"Garg, Saraf and Dutta",2024-08,2024-09,2024-11,378.94,2,0,0,0.07337201722274092
930284,Baby Food,Baby Care,"Garg, Saraf and Dutta",2024-06,2024-07,2024-09,947.3499999999999,5,0,0,0.07051074279872512
704868,Detergent,Household Care,"Parikh, Oak and Kara",2024-08,2024-09,2024-11,1547.6799999999998,8,0,0,0.07042060600339477
298985,Vitamins,Pharmacy,"Ramanathan, Joshi and Srinivasan",2024-07,2024-08,2024-10,2388.88,13,0,0,0.0697157587060815
196719,Bananas,Fruits & Vegetables,Yogi Group,2024-07,2024-08,2024-10,1522.5,7,0,0,0.0693019744052882
930284,Baby Food,Baby Care,"Garg, Saraf and Dutta",2024-07,2024-08,2024-10,947.3499999999999,5,0,0,0.06904050665289452
578097,Nuts,Snacks & Munchies,Jha Group,2024-08,2024-09,2024-11,267.61,1,0,0,0.06895489776637122
592784,Biscuits,Snacks & Munchies,"Andra, Mander and Kari",2024-08,2024-09,2024-11,560.7,2,0,0,0.06894462663925056
365132,Instant Noodles,Instant & Frozen Food,Dar-Kumar,2024-08,2024-09,2024-11,2293.7999999999997,10,0,0,0.06873518879974562
365132,Instant Noodles,Instant & Frozen Food,Dar-Kumar,2024-07,2024-08,2024-10,2293.7999999999997,10,0,0,0.06829088201294155
228286,Cola,Cold Drinks & Juices,Bhattacharyya PLC,2024-08,2024-09,2024-11,537.24,3,0,0,0.06647158013771147
578097,Nuts,Snacks & Munchies,Jha Group,2024-06,2024-07,2024-09,1338.0500000000002,5,0,0,0.06630669436809414
592784,Biscuits,Snacks & Munchies,"Andra, Mander and Kari",2024-07,2024-08,2024-10,560.7,2,0,0,0.06625242823098236
578097,Nuts,Snacks & Munchies,Jha Group,2024-07,2024-08,2024-10,1070.44,4,0,0,0.06613477508798171
704868,Detergent,Household Care,"Parikh, Oak and Kara",2024-07,2024-08,2024-10,2321.52,12,0,0,0.06482089260142793
298985,Vitamins,Pharmacy,"Ramanathan, Joshi and Srinivasan",2024-06,2024-07,2024-09,3123.92,17,0,0,0.06387107747456125
228286,Cola,Cold Drinks & Juices,Bhattacharyya PLC,2024-07,2024-08,2024-10,895.4000000000001,5,0,0,0.06373593006904148
196719,Bananas,Fruits & Vegetables,Yogi Group,2024-06,2024-07,2024-09,1957.5,9,0,0,0.06344043174967995
961614,Chocolates,Snacks & Munchies,Goda Inc,2024-06,2024-07,2024-09,1136.1,5,0,0,0.06269761568983444
228286,Cola,Cold Drinks & Juices,Bhattacharyya PLC,2024-06,2024-07,2024-09,1432.64,8,0,0,0.06161335282279084
592784,Biscuits,Snacks & Munchies,"Andra, Mander and Kari",2024-06,2024-07,2024-09,841.0500000000001,3,0,0,0.06135341215034047
677542,Toilet Cleaner,Household Care,Thaman-Lanka,2024-06,2024-07,2024-09,3401.76,16,0,0,0.06033791489311838
961614,Chocolates,Snacks & Munchies,Goda Inc,2024-08,2024-09,2024-11,227.22,1,0,0,0.05955649085090663
704868,Detergent,Household Care,"Parikh, Oak and Kara",2024-06,2024-07,2024-09,2514.98,13,0,0,0.05952010650922128
365132,Instant Noodles,Instant & Frozen Food,Dar-Kumar,2024-06,2024-07,2024-09,1376.28,6,0,0,0.05895266420214188
589812,Detergent,Household Care,Bir PLC,2024-08,2024-09,2024-11,815.1500000000001,5,0,0,0.057726485019341925
961614,Chocolates,Snacks & Munchies,Goda Inc,2024-07,2024-08,2024-10,908.88,4,0,0,0.05756104303359611
589812,Detergent,Household Care,Bir PLC,2024-07,2024-08,2024-10,815.1500000000001,5,0,0,0.05727868282153973
140154,Shampoo,Personal Care,Malhotra LLC,2024-08,2024-09,2024-11,0.0,0,0,0,0.05668906395739062
448752,Toilet Cleaner,Household Care,Batta-Doctor,2024-07,2024-08,2024-10,0.0,0,0,0,0.056613324607438925
448752,Toilet Cleaner,Household Care,Batta-Doctor,2024-06,2024-07,2024-09,480.21,3,0,0,0.055543422857885265
589812,Detergent,Household Care,Bir PLC,2024-06,2024-07,2024-09,1304.2400000000002,8,0,0,0.055480592701156795
448752,Toilet Cleaner,Household Care,Batta-Doctor,2024-08,2024-09,2024-11,0.0,0,0,0,0.05503220046599221
140154,Shampoo,Personal Care,Malhotra LLC,2024-06,2024-07,2024-09,0.0,0,0,0,0.05473053961656401
140154,Shampoo,Personal Care,Malhotra LLC,2024-07,2024-08,2024-10,0.0,0,0,0,0.05461875145739063
4452,Baby Wipes,Baby Care,Morar-Mistry,2024-08,2024-09,2024-11,679.52,4,0,0,0.053028002252075754
144124,Detergent,Household Care,Lalla-Srinivasan,2024-07,2024-08,2024-10,488.01,3,0,0,0.0528802248772209
144124,Detergent,Household Care,Lalla-Srinivasan,2024-06,2024-07,2024-09,976.02,6,0,0,0.051603059651491645
4452,Baby Wipes,Baby Care,Morar-Mistry,2024-06,2024-07,2024-09,849.4,5,0,0,0.05113961674200483
144124,Detergent,Household Care,Lalla-Srinivasan,2024-08,2024-09,2024-11,488.01,3,0,0,0.05109508966147354
820973,Baby Wipes,Baby Care,Lall LLC,2024-08,2024-09,2024-11,458.08,4,0,0,0.04992897472813338
566052,Pain Reliever,Pharmacy,"Apte, Soman and Raju",2024-07,2024-08,2024-10,436.5,5,0,0,0.04975793889642837
4452,Baby Wipes,Baby Care,Morar-Mistry,2024-07,2024-08,2024-10,679.52,4,0,0,0.04961429641217353
807452,Pulses,Grocery & Staples,Naik Ltd,2024-07,2024-08,2024-10,720.95,5,0,0,0.04810035697940454
807452,Pulses,Grocery & Staples,Naik Ltd,2024-06,2024-07,2024-09,432.57,3,0,0,0.04701198725816862
566052,Pain Reliever,Pharmacy,"Apte, Soman and Raju",2024-06,2024-07,2024-09,349.2,4,0,0,0.0468353988687994
807452,Pulses,Grocery & Staples,Naik Ltd,2024-08,2024-09,2024-11,576.76,4,0,0,0.04654730917378475
818990,Tomatoes,Fruits & Vegetables,Dugar Group,2024-08,2024-09,2024-11,490.65000000000003,3,0,0,0.04501275493203142
33955,Frozen Pizza,Instant & Frozen Food,Baral Group,2024-08,2024-09,2024-11,1302.56,7,0,0,0.04435551590233308
818990,Tomatoes,Fruits & Vegetables,Dugar Group,2024-07,2024-08,2024-10,817.75,5,0,0,0.04393279932683349
33955,Frozen Pizza,Instant & Frozen Food,Baral Group,2024-07,2024-08,2024-10,1488.6399999999999,8,0,0,0.04310309583514854
820973,Baby Wipes,Baby Care,Lall LLC,2024-07,2024-08,2024-10,916.16,8,0,0,0.042829722017286694
566052,Pain Reliever,Pharmacy,"Apte, Soman and Raju",2024-08,2024-09,2024-11,174.6,2,0,0,0.042462130511167685
820973,Baby Wipes,Baby Care,Lall LLC,2024-06,2024-07,2024-09,1145.2,10,0,0,0.04198726616619126
240179,Cough Syrup,Pharmacy,Ram-Suri,2024-08,2024-09,2024-11,181.12,2,0,0,0.04182456540141208
240179,Cough Syrup,Pharmacy,Ram-Suri,2024-07,2024-08,2024-10,181.12,2,0,0,0.04098439519678404
33955,Frozen Pizza,Instant & Frozen Food,Baral Group,2024-06,2024-07,2024-09,1302.56,7,0,0,0.04097856508794526
818990,Tomatoes,Fruits & Vegetables,Dugar Group,2024-06,2024-07,2024-09,490.65000000000003,3,0,0,0.040604639437255806
240179,Cough Syrup,Pharmacy,Ram-Suri,2024-06,2024-07,2024-09,181.12,2,0,0,0.039208663701650305
952124,Onions,Fruits & Vegetables,"Wali, Sood and Bala",2024-08,2024-09,2024-11,381.24,3,0,0,0.03871919067729663
53833,Rice,Grocery & Staples,Tella-Master,2024-08,2024-09,2024-11,134.69,1,0,0,0.038705997351212065
243235,Cat Food,Pet Care,Batta Inc,2024-08,2024-09,2024-11,872.24,8,0,0,0.03765696446713265
378230,Nuts,Snacks & Munchies,Kala-Vig,2024-07,2024-08,2024-10,1997.04,12,0,0,0.037634753787456086
243235,Cat Food,Pet Care,Batta Inc,2024-07,2024-08,2024-10,1308.3600000000001,12,0,0,0.03754608081904353
53833,Rice,Grocery & Staples,Tella-Master,2024-07,2024-08,2024-10,134.69,1,0,0,0.03745160060615285
700048,Dish Soap,Household Care,Khalsa-Bhavsar,2024-06,2024-07,2024-09,565.12,4,0,0,0.03702027725552148
700048,Dish Soap,Household Care,Khalsa-Bhavsar,2024-07,2024-08,2024-10,1271.52,9,0,0,0.03655142829454281
378230,Nuts,Snacks & Munchies,Kala-Vig,2024-08,2024-09,2024-11,1830.62,11,0,0,0.03641275075401371
952124,Onions,Fruits & Vegetables,"Wali, Sood and Bala",2024-06,2024-07,2024-09,254.16,2,0,0,0.03600527809172073
952124,Onions,Fruits & Vegetables,"Wali, Sood and Bala",2024-07,2024-08,2024-10,508.32,4,0,0,0.0356715411797495
53833,Rice,Grocery & Staples,Tella-Master,2024-06,2024-07,2024-09,269.38,2,0,0,0.035369363512385614
993331,Pulses,Grocery & Staples,"Parmer, Gola and Yogi",2024-06,2024-07,2024-09,204.88,2,0,0,0.03530489438000729
700048,Dish Soap,Household Care,Khalsa-Bhavsar,2024-08,2024-09,2024-11,1130.2400000000002,8,0,0,0.035219944878107194
378230,Nuts,Snacks & Munchies,Kala-Vig,2024-06,2024-07,2024-09,499.26,3,0,0,0.035213980714743354
757274,Pet Treats,Pet Care,"Minhas, Kapoor and Sethi",2024-08,2024-09,2024-11,294.96,3,0,0,0.03520748797319368
993331,Pulses,Grocery & Staples,"Parmer, Gola and Yogi",2024-08,2024-09,2024-11,0.0,0,0,0,0.03514524340876801
993331,Pulses,Grocery & Staples,"Parmer, Gola and Yogi",2024-07,2024-08,2024-10,204.88,2,0,0,0.03385659772640464
11422,Potatoes,Fruits & Vegetables,Ramaswamy-Tata,2024-06,2024-07,2024-09,0.0,0,0,0,0.03115322463456745
11422,Potatoes,Fruits & Vegetables,Ramaswamy-Tata,2024-07,2024-08,2024-10,127.16,1,0,0,0.031122704569228835
697683,Toilet Cleaner,Household Care,"Murty, Varghese and Saxena",2024-07,2024-08,2024-10,0.0,0,0,0,0.03088717577647482
243235,Cat Food,Pet Care,Batta Inc,2024-06,2024-07,2024-09,1308.3600000000001,12,0,0,0.030346337355424722
11422,Potatoes,Fruits & Vegetables,Ramaswamy-Tata,2024-08,2024-09,2024-11,127.16,1,0,0,0.03032598172533618
658389,Popcorn,Snacks & Munchies,"Chanda, Som and Vohra",2024-08,2024-09,2024-11,0.0,0,0,0,0.030310011796740734
697683,Toilet Cleaner,Household Care,"Murty, Varghese and Saxena",2024-08,2024-09,2024-11,0.0,0,0,0,0.029670587680626432
697683,Toilet Cleaner,Household Care,"Murty, Varghese and Saxena",2024-06,2024-07,2024-09,742.4399999999999,6,0,0,0.029161813750433224
962591,Orange Juice,Cold Drinks & Juices,Murthy-Kaul,2024-06,2024-07,2024-09,650.05,5,0,0,0.028937807790376833
818522,Cheese,Dairy & Breakfast,Hora-Roy,2024-08,2024-09,2024-11,1056.99,11,0,0,0.02871579133999731
962591,Orange Juice,Cold Drinks & Juices,Murthy-Kaul,2024-07,2024-08,2024-10,520.04,4,0,0,0.028401854774773718
962591,Orange Juice,Cold Drinks & Juices,Murthy-Kaul,2024-08,2024-09,2024-11,390.03,3,0,0,0.028356305197085697
313754,Biscuits,Snacks & Munchies,"Swaminathan, Mahal and Dara",2024-07,2024-08,2024-10,1229.3999999999999,9,0,0,0.028355063213157575
818522,Cheese,Dairy & Breakfast,Hora-Roy,2024-06,2024-07,2024-09,1345.26,14,0,0,0.02829664864063222
818522,Cheese,Dairy & Breakfast,Hora-Roy,2024-07,2024-08,2024-10,1345.26,14,0,0,0.0282783336223172
313754,Biscuits,Snacks & Munchies,"Swaminathan, Mahal and Dara",2024-08,2024-09,2024-11,819.5999999999999,6,0,0,0.028037602895697258
313754,Biscuits,Snacks & Munchies,"Swaminathan, Mahal and Dara",2024-06,2024-07,2024-09,1366.0,10,0,0,0.027554958260938966
757274,Pet Treats,Pet Care,"Minhas, Kapoor and Sethi",2024-07,2024-08,2024-10,1376.48,14,0,0,0.027526269019590845
757274,Pet Treats,Pet Care,"Minhas, Kapoor and Sethi",2024-06,2024-07,2024-09,1179.84,12,0,0,0.02606582355108086
272170,Ice Cream,Instant & Frozen Food,Purohit Group,2024-08,2024-09,2024-11,563.2,4,0,0,0.025442046544031774
658389,Popcorn,Snacks & Munchies,"Chanda, Som and Vohra",2024-07,2024-08,2024-10,610.2,4,0,0,0.025025714258007065
658389,Popcorn,Snacks & Munchies,"Chanda, Som and Vohra",2024-06,2024-07,2024-09,610.2,4,0,0,0.025025714258007065
771228,Pet Treats,Pet Care,Raja and Sons,2024-08,2024-09,2024-11,415.90000000000003,5,0,0,0.024971049155485436
217710,Eggs,Dairy & Breakfast,Rout-Sarna,2024-06,2024-07,2024-09,234.36,4,0,0,0.024480067474590028
760684,Rice,Grocery & Staples,Kanda-Gupta,2024-08,2024-09,2024-11,358.0,5,0,0,0.02419626463748319
217710,Eggs,Dairy & Breakfast,Rout-Sarna,2024-07,2024-08,2024-10,234.36,4,0,0,0.023514867916627862
760684,Rice,Grocery & Staples,Kanda-Gupta,2024-07,2024-08,2024-10,358.0,5,0,0,0.023333143596378222
937542,Wheat Flour,Grocery & Staples,Khurana and Sons,2024-06,2024-07,2024-09,679.28,7,0,0,0.02323508779081534
272170,Ice Cream,Instant & Frozen Food,Purohit Group,2024-07,2024-08,2024-10,844.8000000000001,6,0,0,0.02318714458324746
760684,Rice,Grocery & Staples,Kanda-Gupta,2024-06,2024-07,2024-09,358.0,5,0,0,0.022930888669874826
771228,Pet Treats,Pet Care,Raja and Sons,2024-06,2024-07,2024-09,748.6200000000001,9,0,0,0.022832047823099662
217710,Eggs,Dairy & Breakfast,Rout-Sarna,2024-08,2024-09,2024-11,117.18,2,0,0,0.02261870454431664
771228,Pet Treats,Pet Care,Raja and Sons,2024-07,2024-08,2024-10,831.8000000000001,10,0,0,0.021954219009292557
937542,Wheat Flour,Grocery & Staples,Khurana and Sons,2024-07,2024-08,2024-10,679.28,7,0,0,0.02169173930387958
94225,Toilet Cleaner,Household Care,"Gulati, Ram and Sarkar",2024-07,2024-08,2024-10,462.65999999999997,6,0,0,0.021661743539252428
937542,Wheat Flour,Grocery & Staples,Khurana and Sons,2024-08,2024-09,2024-11,582.24,6,0,0,0.021488965631459224
94225,Toilet Cleaner,Household Care,"Gulati, Ram and Sarkar",2024-08,2024-09,2024-11,462.65999999999997,6,0,0,0.020020983307026615
131748,Dog Food,Pet Care,"Shroff, Wason and Dugar",2024-07,2024-08,2024-10,406.75,5,0,0,0.019863252443040214
9436,Toothpaste,Personal Care,Naidu PLC,2024-06,2024-07,2024-09,442.15000000000003,5,0,0,0.019803262887829964
94225,Toilet Cleaner,Household Care,"Gulati, Ram and Sarkar",2024-06,2024-07,2024-09,462.65999999999997,6,0,0,0.019587687427714502
272170,Ice Cream,Instant & Frozen Food,Purohit Group,2024-06,2024-07,2024-09,844.8000000000001,6,0,0,0.018963346028984716
9436,Toothpaste,Personal Care,Naidu PLC,2024-08,2024-09,2024-11,353.72,4,0,0,0.018809646292681968
131748,Dog Food,Pet Care,"Shroff, Wason and Dugar",2024-08,2024-09,2024-11,406.75,5,0,0,0.018282040588752053
9436,Toothpaste,Personal Care,Naidu PLC,2024-07,2024-08,2024-10,619.01,7,0,0,0.018204961606598933
492958,Lotion,Personal Care,Acharya PLC,2024-06,2024-07,2024-09,168.4,2,0,0,0.018162737049792196
492958,Lotion,Personal Care,Acharya PLC,2024-07,2024-08,2024-10,252.60000000000002,3,0,0,0.017565530760568906
492958,Lotion,Personal Care,Acharya PLC,2024-08,2024-09,2024-11,336.8,4,0,0,0.017247182421399603
300159,Cola,Cold Drinks & Juices,"Basu, Rout and Mistry",2024-07,2024-08,2024-10,133.05,3,0,0,0.016875232467243848
563740,Chips,Snacks & Munchies,Mann-Kapadia,2024-06,2024-07,2024-09,192.66,2,0,0,0.016673302152217934
563740,Chips,Snacks & Munchies,Mann-Kapadia,2024-07,2024-08,2024-10,288.99,3,0,0,0.01639355287780999
563740,Chips,Snacks & Munchies,Mann-Kapadia,2024-08,2024-09,2024-11,288.99,3,0,0,0.016192625075408997
455755,Detergent,Household Care,Mangal-Sathe,2024-06,2024-07,2024-09,484.99000000000007,11,0,0,0.01609760624852743
300159,Cola,Cold Drinks & Juices,"Basu, Rout and Mistry",2024-08,2024-09,2024-11,133.05,3,0,0,0.01602848750566635
455755,Detergent,Household Care,Mangal-Sathe,2024-07,2024-08,2024-10,264.54,6,0,0,0.015258748194865742
131748,Dog Food,Pet Care,"Shroff, Wason and Dugar",2024-06,2024-07,2024-09,1057.55,13,0,0,0.015204999457839413
133542,Detergent,Household Care,Edwin-Lall,2024-07,2024-08,2024-10,273.96,4,0,0,0.01465682002383641
133542,Detergent,Household Care,Edwin-Lall,2024-06,2024-07,2024-09,205.46999999999997,3,0,0,0.014558135813310098
968887,Dish Soap,Household Care,Keer-Gill,2024-08,2024-09,2024-11,203.5,5,0,0,0.014557743605251717
490939,Lotion,Personal Care,"Roy, Barad and De",2024-07,2024-08,2024-10,882.75,11,0,0,0.0144517175629058
133542,Detergent,Household Care,Edwin-Lall,2024-08,2024-09,2024-11,68.49,1,0,0,0.014294976285327117
654297,Potatoes,Fruits & Vegetables,Chandran-Dass,2024-06,2024-07,2024-09,92.75,7,0,0,0.014028627887735177
490939,Lotion,Personal Care,"Roy, Barad and De",2024-06,2024-07,2024-09,802.5,10,0,0,0.014021562037386243
490939,Lotion,Personal Care,"Roy, Barad and De",2024-08,2024-09,2024-11,882.75,11,0,0,0.013984661245209876
968887,Dish Soap,Household Care,Keer-Gill,2024-07,2024-08,2024-10,447.70000000000005,11,0,0,0.013803273647277896
709916,Detergent,Household Care,Varkey LLC,2024-08,2024-09,2024-11,101.28,3,0,0,0.013673076534390306
300159,Cola,Cold Drinks & Juices,"Basu, Rout and Mistry",2024-06,2024-07,2024-09,266.1,6,0,0,0.013358150503663978
767398,Dish Soap,Household Care,"Arya, Sundaram and Pingle",2024-06,2024-07,2024-09,154.98000000000002,7,0,0,0.013260620872507614
968887,Dish Soap,Household Care,Keer-Gill,2024-06,2024-07,2024-09,610.5,15,0,0,0.013092872662685657
709916,Detergent,Household Care,Varkey LLC,2024-06,2024-07,2024-09,270.08,8,0,0,0.013092872662685657
131136,Salt,Grocery & Staples,Deshpande-Rama,2024-06,2024-07,2024-09,226.79999999999998,6,0,0,0.01295948146727468
709916,Detergent,Household Care,Varkey LLC,2024-07,2024-08,2024-10,236.32,7,0,0,0.01279168201499971
654297,Potatoes,Fruits & Vegetables,Chandran-Dass,2024-07,2024-08,2024-10,53.0,4,0,0,0.01221844520626747
131136,Salt,Grocery & Staples,Deshpande-Rama,2024-08,2024-09,2024-11,264.59999999999997,7,0,0,0.011798191144694036
131136,Salt,Grocery & Staples,Deshpande-Rama,2024-07,2024-08,2024-10,189.0,5,0,0,0.011740601986100118
455755,Detergent,Household Care,Mangal-Sathe,2024-08,2024-09,2024-11,0.0,0,0,0,0.011601665876075173
118820,Iced Tea,Cold Drinks & Juices,"Warrior, Ravel and Amble",2024-06,2024-07,2024-09,0.0,0,0,0,0.011579519365963587
118820,Iced Tea,Cold Drinks & Juices,"Warrior, Ravel and Amble",2024-07,2024-08,2024-10,36.96,3,0,0,0.011339767578166102
654297,Potatoes,Fruits & Vegetables,Chandran-Dass,2024-08,2024-09,2024-11,39.75,3,0,0,0.011227481706547422
767398,Dish Soap,Household Care,"Arya, Sundaram and Pingle",2024-07,2024-08,2024-10,88.56,4,0,0,0.011163573484626921
118820,Iced Tea,Cold Drinks & Juices,"Warrior, Ravel and Amble",2024-08,2024-09,2024-11,36.96,3,0,0,0.011113418062760155
767398,Dish Soap,Household Care,"Arya, Sundaram and Pingle",2024-08,2024-09,2024-11,22.14,1,0,0,0.011088721073929527
962054,Orange Juice,Cold Drinks & Juices,Toor-Nagar,2024-06,2024-07,2024-09,50.58,3,0,0,0.010863737810652424
962054,Orange Juice,Cold Drinks & Juices,Toor-Nagar,2024-07,2024-08,2024-10,50.58,3,0,0,0.010623986022854942
962054,Orange Juice,Cold Drinks & Juices,Toor-Nagar,2024-08,2024-09,2024-11,50.58,3,0,0,0.010296680859323533
449106,Soap,Personal Care,"Shere, Thakur and Naik",2024-06,2024-07,2024-09,339.84999999999997,7,0,0,0.009376502991701263
473647,Toothpaste,Personal Care,Ben-Ravi,2024-06,2024-07,2024-09,215.24999999999997,5,0,0,0.009170804047004717
473647,Toothpaste,Personal Care,Ben-Ravi,2024-08,2024-09,2024-11,129.14999999999998,3,0,0,0.008991853605224092
473647,Toothpaste,Personal Care,Ben-Ravi,2024-07,2024-08,2024-10,172.2,4,0,0,0.008942592521480249
124290,Lotion,Personal Care,Sachdev Group,2024-06,2024-07,2024-09,198.25,5,0,0,0.008524924639667426
124290,Lotion,Personal Care,Sachdev Group,2024-08,2024-09,2024-11,158.6,4,0,0,0.008120300362210781
124290,Lotion,Personal Care,Sachdev Group,2024-07,2024-08,2024-10,158.6,4,0,0,0.008120300362210781
689769,Frozen Vegetables,Instant & Frozen Food,Kothari-Datta,2024-08,2024-09,2024-11,139.85999999999999,3,0,0,0.007929658066599262
689769,Frozen Vegetables,Instant & Frozen Food,Kothari-Datta,2024-07,2024-08,2024-10,326.34,7,0,0,0.007719480987768199
187399,Frozen Pizza,Instant & Frozen Food,Chauhan Inc,2024-08,2024-09,2024-11,374.43,7,0,0,0.007642493424411309
187399,Frozen Pizza,Instant & Frozen Food,Chauhan Inc,2024-06,2024-07,2024-09,0.0,0,0,0,0.007642493424411309
187399,Frozen Pizza,Instant & Frozen Food,Chauhan Inc,2024-07,2024-08,2024-10,374.43,7,0,0,0.007642493424411309
449106,Soap,Personal Care,"Shere, Thakur and Naik",2024-08,2024-09,2024-11,291.29999999999995,6,0,0,0.007356316273496639
449106,Soap,Personal Care,"Shere, Thakur and Naik",2024-07,2024-08,2024-10,388.4,8,0,0,0.007307055189752796
689769,Frozen Vegetables,Instant & Frozen Food,Kothari-Datta,2024-06,2024-07,2024-09,419.58,9,0,0,0.0072597108728256685
652118,Frozen Biryani,Instant & Frozen Food,Agate and Sons,2024-06,2024-07,2024-09,22.04,1,0,0,0.006651798301602585
652118,Frozen Biryani,Instant & Frozen Food,Agate and Sons,2024-08,2024-09,2024-11,110.2,5,0,0,0.006423868927605795
652118,Frozen Biryani,Instant & Frozen Food,Agate and Sons,2024-07,2024-08,2024-10,110.2,5,0,0,0.006423868927605795
